name,age,height (cm),"wight (kg), rank, year"
Kristan Clever,30,,,1,2012
Julie Foucher,23,,,2,2012
Annie Thorisdottir,22,,,3,2012
Emily Bridgers,25,,,4,2012
Camille Leblanc-Bazinet,23,,,5,2012
Andrea Ager,24,,,6,2012
Michele Letendre,26,,,7,2012
Ashley Carriveau,28,,,8,2012
Cameron Williams,28,,,9,2012
Elyse Umeda,27,,,10,2012
Madelyn Curley,30,,,11,2012
Michelle Crawford,35,,,12,2012
Deborah Cordner Carson,32,,,13,2012
Angie Pye,36,,,14,2012
Christy Phillips,27,,,15,2012
Kelley Jackson,28,,,16,2012
Talayna Fortunato,31,,,17,2012
Rebecca Voigt,31,,,18,2012
Emily Friedman,28,,,19,2012
Cheryl Nasso,27,,,20,2012
Katrin Tanja Davidsdottir,19,,,21,2012
Jenn Jones,27,,,22,2012
Jenny Davis,29,,,23,2012
Colleen Maher,17,,,24,2012
Kelly Steadman,29,,,25,2012
Amy Dracup,31,,,26,2012
Laurie Galassi,31,,,27,2012
Jessica Coughlan,23,,,28,2012
Kaleena Ladeairous,26,,,29,2012
Lindsey Valenzuela,25,,,30,2012
Whitney Heuser,21,,,31,2012
Lindsey Smith,29,,,32,2012
Ashleigh Moe,28,,,33,2012
Janet Black,38,,,34,2012
Jennifer Butler,31,,,35,2012
Natalie McLain,26,,,36,2012
Lindsay Bourdon,26,,,37,2012
Tiffany Hendrickson,31,,,38,2012
Gretchen Kittelberger,26,,,39,2012
Alicia Connors,23,,,40,2012
Sarabeth Phillips,25,,,41,2012
Britney Holmberg,25,,,42,2012
Lauren Brooks,25,,,43,2012
Becky Conzelman,40,,,44,2012
Azadeh Boroumand,26,,,45,2012
Ruth Anderson Horrell,28,,,46,2012
Allison Truscheit,26,,,47,2012
Melissa Jamerino,27,,,48,2012
Amanda Allen,41,,,49,2012
Ginny King,29,,,50,2012
Megan John,33,,,51,2012
Jenny LaBaw,30,,,52,2012
Valerie Voboril,33,,,53,2012
Candice Ruiz,27,,,54,2012
Shelly Sourdis,26,,,55,2012
Amanda Schwartz,32,,,56,2012
Larissa Costa,33,,,57,2012
Brista Mayfield,24,,,58,2012
Lauren Plumey,30,,,59,2012
Tracy Shuford,41,,,60,2012
rachel martinez,28,,,61,2012
Chelsea Miller,26,,,62,2012
Michelle Kinney,28,,,63,2012
Stacie Tovar,27,,,64,2012
Melissa Dixon,29,,,65,2012
Kendall Burnham,37,,,66,2012
Emma Keen,26,,,67,2012
Alicia Gomes,33,,,68,2012
Stacey Magnesio,29,,,69,2012
Linsey Kokal,30,,,70,2012
Kylee Claxton,26,,,71,2012
Annie Sakamoto,36,,,72,2012
Thuridur Erla Helgadottir,20,,,73,2012
Hjördís Óskarsdóttir,28,,,74,2012
Emily Pale,23,,,75,2012
Krista Owens,32,,,76,2012
Emmalee Moore,26,,,77,2012
Kara Gordon,22,,,78,2012
Sarah Pierce,24,,,79,2012
Valerie Calhoun,17,,,80,2012
Jessica Core,27,,,81,2012
Jennie McKernan,33,,,82,2012
Tosha Jeffries,33,,,83,2012
Jaime Noyce,29,,,84,2012
Anne Austad,25,,,85,2012
Kelley Hennigan,24,,,86,2012
Keysha Benzing,30,,,87,2012
Amy Bright,33,,,88,2012
Cheryl Brost,41,,,89,2012
Alexandra Bergeron,24,,,90,2012
Paige Millspaugh,34,,,91,2012
Whitney Welsch,31,,,92,2012
Elisabeth Akinwale,33,,,93,2012
Megan Norris,30,,,94,2012
Martina Barbaro,26,,,95,2012
Jessica Stephen,31,,,96,2012
Jasmine Dever,27,,,97,2012
Rebecca Eastwell,32,,,98,2012
Courtney Butowicz,29,,,99,2012
Christina Merlo,28,,,100,2012
Amanda DeRosa,30,,,101,2012
Erin Riddell Carter,35,,,102,2012
Jennifer Hunter,38,,,103,2012
Jaime Gold,26,,,104,2012
Stacey Kroon,29,,,105,2012
Adrienne Briggs,28,,,106,2012
Jackie Perez,28,,,107,2012
Alicia Staton,26,,,108,2012
Denae Brown,32,,,109,2012
Marissa Luchau,23,,,110,2012
Chyna Cho,25,,,111,2012
JoEllyn McAtee,26,,,112,2012
Renee Martin,28,,,113,2012
Julie Adams,28,,,114,2012
Lisa Ryan,30,,,115,2012
Leah Polaski,32,,,116,2012
Penny Kemp,27,,,117,2012
Andrea Kwiatkowski,30,,,118,2012
Katie Schmitz,27,,,119,2012
Mandy Malloy,36,,,120,2012
Christina Sloyer,26,,,121,2012
Claire Fernandez,33,,,122,2012
Grace Skocik,23,,,123,2012
Jennifer Smith,26,,,124,2012
Anna Tunnicliffe,29,,,125,2012
Elma Ducic,29,,,126,2012
Jenn Harris,35,,,127,2012
Emily Carothers,30,,,128,2012
Tanya Wagner,30,,,129,2012
Kyla Evers,33,,,130,2012
Pip Malone,22,,,131,2012
Krista Colson,40,,,132,2012
Karen McCadam,37,,,133,2012
Erin Cunningham,29,,,134,2012
Shelby Walkinshaw,36,,,135,2012
Miranda Oldroyd,29,,,136,2012
Alahna Gibbs,26,,,137,2012
Nichole DeHart,26,,,138,2012
Amélie Gagnon,28,,,139,2012
Emma Moburg-Jones,28,,,140,2012
Samantha Snyder,27,,,141,2012
Ali Murdoch,30,,,142,2012
Sara Hill Mass,34,,,143,2012
Kristen Curry,27,,,144,2012
jennifer carr,22,,,145,2012
Tina Angelotti,38,,,146,2012
Danielle Hale,28,,,147,2012
Taylor Richards-Lindsay,26,,,148,2012
Lindy Barber,23,,,149,2012
Feng Yi Chew,26,,,150,2012
Samantha Briggs,31,,,1,2013
Camille Leblanc-Bazinet,24,,,2,2013
Lindsay Bourdon,27,,,3,2013
Kristan Clever,31,,,4,2013
Deborah Cordner Carson,33,,,5,2013
Emily Bridgers,26,,,6,2013
Andrea Ager,25,,,7,2013
Alessandra Pichelli,27,,,8,2013
Kaleena Ladeairous,27,,,9,2013
Ashleigh Moe,29,,,10,2013
Amanda Allen,42,,,11,2013
Rebecca Voigt,32,,,12,2013
Kara Webb,23,,,13,2013
Michele Letendre,27,,,14,2013
Emily Carothers,31,,,15,2013
Jennifer Smith,27,,,16,2013
Lacey Van Der Marel,25,,,17,2013
Michelle Crawford,36,,,18,2013
Cheryl Nasso,28,,,19,2013
Christy Phillips,28,,,20,2013
Alyssa Ritchey,24,,,21,2013
Sarah Pierce,25,,,22,2013
Martina Barbaro,27,,,23,2013
Michelle Kinney,29,,,24,2013
Kristine Andali,22,,,25,2013
Jenn Jones,28,,,26,2013
Elisabeth Akinwale,34,,,27,2013
Colleen Maher,18,,,28,2013
Whitney Heuser,22,,,29,2013
Jenny Davis,30,,,30,2013
Jaime Gold,27,,,31,2013
Britney Holmberg,26,,,32,2013
Stacie Tovar,28,,,33,2013
Natalie McLain,27,,,34,2013
Pip Malone,23,,,35,2013
Eleni Frediani,35,,,36,2013
Katrin Tanja Davidsdottir,20,,,37,2013
Jessica Schulz,33,,,38,2013
Taylor Richards-Lindsay,27,,,39,2013
Mikki Nuccio,23,,,40,2013
Tiffany Hendrickson,32,,,41,2013
Jessa Lemoine,27,,,42,2013
Valerie Voboril,34,,,43,2013
Thuridur Erla Helgadottir,21,,,44,2013
Talayna Fortunato,32,,,45,2013
Kelley Jackson,29,,,46,2013
Heather Welsh,31,,,47,2013
Alicia Connors,24,,,48,2013
Danielle Hale,29,,,49,2013
Chelsey Hughes,27,,,50,2013
Stacey Kroon,30,,,51,2013
Ashley Higgins,25,,,52,2013
Kendall Burnham,38,,,53,2013
Allison Truscheit,27,,,54,2013
Becky Conzelman,41,,,55,2013
Fain Davis,34,,,56,2013
Amy Bright,34,,,57,2013
Nichole DeHart,27,,,58,2013
Jamie Hagiya,28,,,59,2013
Nicole Holcomb,26,,,60,2013
Rory Zambard,22,,,61,2013
Shanon Humphrey,28,,,62,2013
Emily Friedman,29,,,63,2013
Mandi Janowitz,27,,,64,2013
Ruth Anderson Horrell,29,,,65,2013
Elyse Umeda,28,,,66,2013
Hjördís Óskarsdóttir,29,,,67,2013
Marissa Luchau,24,,,68,2013
Christina Goode,33,,,69,2013
Margaux Alvarez,28,,,70,2013
Jolene Grant,29,,,71,2013
Amanda Schwartz,33,,,72,2013
Rachel Martinez,29,,,73,2013
Ashley Almand,25,,,74,2013
Brandy Richardson,30,,,75,2013
Tanya Wagner,31,,,76,2013
Colleen Lehane,27,,,77,2013
Mel Ockerby,28,,,78,2013
Amanda Goodman,22,,,79,2013
Elizabeth Warren,38,,,80,2013
Courtney Walker,28,,,81,2013
Alea Helmick,26,,,82,2013
Lauren Brooks,26,,,83,2013
Philippa Robinson,30,,,84,2013
Shelly Sourdis,27,,,85,2013
Ginny King,30,,,86,2013
Jennifer Lymburner,24,,,87,2013
Mary Lampas,31,,,88,2013
Sarah Hopping,29,,,89,2013
Amy Dracup,32,,,90,2013
Adrienne Briggs,29,,,91,2013
Danielle Horan,25,,,92,2013
Ashley Van Boxtel,26,,,93,2013
Vicki Webber,34,,,94,2013
Jennie McKernan,34,,,95,2013
Chelsey Grigsby,23,,,96,2013
Lindy Wall,24,,,97,2013
Emily Beers,29,,,98,2013
Kyla Evers,34,,,99,2013
Elma Ducic,30,,,100,2013
Anna Tunnicliffe,30,,,101,2013
Kristin Reffett,25,,,102,2013
Marie-Émilie Perreault,27,,,103,2013
Katelyn Haynes,22,,,104,2013
Grace Dresher,24,,,105,2013
Cheryl Brost,42,,,106,2013
Jaime Noyce,30,,,107,2013
Kady Onken,25,,,108,2013
Claire Fernandez,34,,,109,2013
Allison King,34,,,110,2013
Carleen Lessard,29,,,111,2013
Gretchen Kittelberger,27,,,112,2013
Krissi Brown,39,,,113,2013
Nina Arezina,27,,,114,2013
Elyse Persico,22,,,115,2013
Jessica Core,28,,,116,2013
Alicia Staton,27,,,117,2013
Bailey Rogers,22,,,118,2013
Jennifer Butler,32,,,119,2013
Sara McRoberts,34,,,120,2013
Melissa Dinsmore,33,,,121,2013
Kristin King,33,,,122,2013
Ashleigh Woods,29,,,123,2013
Madelyn Curley,31,,,124,2013
Megin Oczkowski,20,,,125,2013
Alicia McKenzie,26,,,126,2013
Holly Mata,32,,,127,2013
Lisa Mealey,32,,,128,2013
Emma Rosengren,26,,,129,2013
Charity Vale,37,,,130,2013
Isabelle Tardif,29,,,131,2013
Janet Black,39,,,132,2013
Lindsey Smith,30,,,133,2013
Melissa Dixon,30,,,134,2013
Sarabeth Phillips,26,,,135,2013
Kat Ljubicic,43,,,136,2013
Jessica Martinez,36,,,137,2013
Brenda Chavez,30,,,138,2013
Dara Ching,29,,,139,2013
Angie Hay,37,,,140,2013
Cassidy Lance,25,,,141,2013
Gabrielle Andrews,26,,,142,2013
Karen McCadam,38,,,143,2013
Lindsey Cascarina,25,,,144,2013
Jenna Gracey,25,,,145,2013
Crissy Cannon,26,,,146,2013
Amy Durfee,36,,,147,2013
Erin Light,26,,,148,2013
Lindsey Kelly,26,,,149,2013
Stephanie Perez,24,,,150,2013
Samantha Briggs,32,,,1,2014
Camille Leblanc-Bazinet,25,,,2,2014
Kaleena Ladeairous,28,,,3,2014
Jennifer Smith,28,,,4,2014
Michelle Kinney,30,,,5,2014
Valerie Voboril,35,,,6,2014
Martina Barbaro,28,,,7,2014
Alea Helmick,27,,,8,2014
Emily Bridgers,27,,,9,2014
Ruth Anderson Horrell,30,,,10,2014
Anna Tunnicliffe,31,,,11,2014
Rory Zambard,23,,,12,2014
Cheryl Nasso,29,,,13,2014
Julie Foucher,25,,,14,2014
Mikki Nuccio,24,,,15,2014
Kelley Jackson,30,,,16,2014
Christy Adkins,29,,,17,2014
Stacie Tovar,29,,,18,2014
Jamie Hagiya,29,,,19,2014
Chelsey Hughes,28,,,20,2014
Carleen Lessard,30,,,21,2014
Margaux Alvarez,29,,,22,2014
Mandi Janowitz,28,,,23,2014
Emily Friedman,30,,,24,2014
Danielle Hale,30,,,25,2014
Whitney Heuser,23,,,26,2014
Kristine Andali,23,,,27,2014
Annie Thorisdottir,24,,,28,2014
Rebecca Voigt,33,,,29,2014
Lindy Barber,25,,,30,2014
Kristin Holte,28,,,31,2014
Kristin Miller,26,,,32,2014
Lauren Fisher,20,,,33,2014
Alessandra Pichelli,28,,,34,2014
Sarah Scholl,32,,,35,2014
Pip Malone,24,,,36,2014
Delaina Snider,33,,,37,2014
Michele Letendre,28,,,38,2014
Jessie Jo Young,25,,,39,2014
Jessica Schulz,34,,,40,2014
Tiffany Hendrickson,33,,,41,2014
Emma Rosengren,27,,,42,2014
Lindsey Valenzuela,27,,,43,2014
Emily Carothers,32,,,44,2014
Dani Horan,26,,,45,2014
Kristan Clever,32,,,46,2014
Kyla Evers,35,,,47,2014
Michelle Crawford,37,,,48,2014
Jolaine Bloom,42,,,49,2014
Elisabeth Akinwale,35,,,50,2014
Denae Brown,34,,,51,2014
Katelyn Schuh,25,,,52,2014
Amanda Allen,43,,,53,2014
Becca Clarin,25,,,54,2014
Brandy Richardson,31,,,55,2014
Marie-Emilie Perreault,28,,,56,2014
Ashleigh Moe,30,,,57,2014
Bjork Odinsdottir,26,,,58,2014
Kristin King,34,,,59,2014
Jayde Quilty,27,,,60,2014
Andrea Ager,26,,,61,2014
Stephanie Perez,25,,,62,2014
Jenny LaBaw,32,,,63,2014
Talayna Fortunato,33,,,64,2014
Cassidy Lance,26,,,65,2014
Chely Galvan,24,,,66,2014
Rachel Doucet,33,,,67,2014
Karen Pierce,29,,,68,2014
Carlie Stone,25,,,69,2014
Chyna Cho,27,,,70,2014
Tennil Reed,26,,,71,2014
Kara Webb,24,,,72,2014
Brooke Ence,24,,,73,2014
Elyse Umeda,29,,,74,2014
Ragnheiður Sara Sigmundsdottir,21,,,75,2014
Elyse Persico,23,,,76,2014
Amy Dracup,33,,,77,2014
Jasmine Dever,29,,,78,2014
Rachel Martinez,30,,,79,2014
Kendall Burnham,39,,,80,2014
Jessica Martinez,37,,,81,2014
Marcie Wells,42,,,82,2014
Joey Kimdon,36,,,83,2014
Angela Kamendulis,28,,,84,2014
Oksana Pikmulova,22,,,85,2014
Ashley Higgins,26,,,86,2014
Kara Paslay,29,,,87,2014
Kelli Cramer,30,,,88,2014
Regan Huckaby,27,,,89,2014
Molly Vollmer,29,,,90,2014
Jessica Coughlan,25,,,91,2014
Kristi Eramo,25,,,92,2014
Lauren Rutan,30,,,93,2014
Leslie Johnson,28,,,94,2014
Katie Hogan,31,,,95,2014
Erica Pollock,34,,,96,2014
Megan Norris,32,,,97,2014
Alyssa Ritchey,25,,,98,2014
Ashley Shaeffer,29,,,99,2014
Hahn Nicole,26,,,100,2014
Hjördís Óskarsdóttir,30,,,101,2014
Britney Holmberg,27,,,102,2014
Brooke Wells,19,,,103,2014
Danielle Sidell,25,,,104,2014
Stacey Kroon,31,,,105,2014
Courtney Fitzharris,20,,,106,2014
Thuridur Erla Helgadottir,22,,,107,2014
Elyse Kile,27,,,108,2014
Danielle Miles,30,,,109,2014
Nicole Holcomb,27,,,110,2014
Kate Mitchell,25,,,111,2014
Lauren Brooks,27,,,112,2014
Amanda Schwartz,34,,,113,2014
Jenny Davis,31,,,114,2014
Whitney Darchuk,27,,,115,2014
Jessica Fitzgibbons,39,,,116,2014
Rebecca Delaney,24,,,117,2014
Rachel Serna,30,,,118,2014
Capri Morton,28,,,119,2014
Nicola Simpson,37,,,120,2014
Justine Beath,24,,,121,2014
Katrin Tanja Davidsdottir,21,,,122,2014
Nellie Garcia,30,,,123,2014
Sara McRoberts,35,,,124,2014
Natalie McClure,34,,,125,2014
Jenn Jones,29,,,126,2014
Coral Lloyd,29,,,127,2014
Shanna Dawley,35,,,128,2014
Jenn Ryan,34,,,129,2014
Grace Dresher,25,,,130,2014
Amanda DeRosa,32,,,131,2014
Cheryl Brost,43,,,132,2014
Joannie Lebrun,23,,,133,2014
Jen Rocawich,35,,,134,2014
Cristen Walker,33,,,135,2014
Kirsten Pedri,32,,,136,2014
Candice Ruiz,29,,,137,2014
Annie Sakamoto,38,,,138,2014
JoEllyn McAtee,28,,,139,2014
Amy Bright,35,,,140,2014
Dimi Poulos,29,,,141,2014
Vicki Webber,35,,,142,2014
Teresa Luz,35,,,143,2014
Colleen Lehane,28,,,144,2014
Kristen Olson,33,,,145,2014
Allison Bourdon,24,,,146,2014
Janet Black,40,,,147,2014
Catherine Blatner,23,,,148,2014
Alethea Boon,30,,,149,2014
Crista Jorgensen,30,,,150,2014
Annie Thorisdottir,25,,,1,2015
Kara Webb,25,,,2,2015
Ragnheiður Sara Sigmundsdottir,22,,,3,2015
Emily Bridgers,28,,,4,2015
Camille Leblanc-Bazinet,26,,,5,2015
Carol-Ann Reason-Thibault,27,,,6,2015
Chelsey Hughes,29,,,7,2015
Michele Letendre,29,,,8,2015
Stacie Tovar,30,,,9,2015
Dani Horan,27,,,10,2015
Julie Foucher,26,,,11,2015
Cassidy Lance,27,,,12,2015
Nicole Holcomb,28,,,13,2015
Katrin Tanja Davidsdottir,22,,,14,2015
Kirsten Pedri,33,,,15,2015
Jessica Core,30,,,16,2015
Carleen Mathews,31,,,17,2015
Lauren Fisher,21,,,18,2015
Brooke Ence,25,,,19,2015
Maude Charron,22,,,20,2015
Kristin Holte,29,,,21,2015
Lindsey Valenzuela,28,,,22,2015
Denae Brown,35,,,23,2015
Kaleena Ladeairous,29,,,24,2015
Christy Adkins,30,,,25,2015
Grace Dresher,26,,,26,2015
Margaux Alvarez,30,,,27,2015
Kristine Andali,24,,,28,2015
Alexis Johnson,24,,,29,2015
Bjork Odinsdottir,27,,,30,2015
Chyna Cho,28,,,31,2015
Maddy Myers,18,,,32,2015
Sarabeth Phillips,28,,,33,2015
Jessica Coughlan,26,,,34,2015
Anna Tunnicliffe,32,,,35,2015
Emma McQuaid,25,,,36,2015
Mekenzie Riley,27,,,37,2015
Elyse Kile,28,,,38,2015
Rachel Garibay,23,,,39,2015
Chelsey Grigsby,25,,,40,2015
Alea Helmick,28,,,41,2015
Mikki Nuccio,25,,,42,2015
Brooke Wells,20,,,43,2015
Anna Rode,22,,,44,2015
Madison Freeman,29,,,45,2015
Elisabeth Akinwale,36,,,46,2015
Jennifer Smith,29,,,47,2015
Emily Abbott,26,,,48,2015
Janelle Shafer,21,,,49,2015
Elia Navarro,33,,,50,2015
Rebecca Voigt,34,,,51,2015
Brista Mayfield,27,,,52,2015
Christen Wagner,28,,,53,2015
Caroline Dardini,23,,,54,2015
Stephanie Ortiz,27,,,55,2015
Tasia Percevecz,24,,,56,2015
Lindsay Vaughan,30,,,57,2015
Stacey Kroon,32,,,58,2015
Mirakim Couvrette,24,,,59,2015
Regan Huckaby,28,,,60,2015
Lindy Barber,26,,,61,2015
Amy Dracup,34,,,62,2015
Tia-Clair Toomey,21,,,63,2015
Whitney Heuser,24,,,64,2015
Andrea Ager,27,,,65,2015
Jenn Jones,30,,,66,2015
Justine Beath,25,,,67,2015
Tennil Reed,27,,,68,2015
Tiffany Hendrickson,34,,,69,2015
Laura Hughes,22,,,70,2015
Nicole Capurso,24,,,71,2015
Meaghan Gonzalez,30,,,72,2015
Andrea Nisler,26,,,73,2015
Amanda Goodman,24,,,74,2015
Ashley Beaver,28,,,75,2015
Marie-Emilie Perreault,29,,,76,2015
Jessica Schulz,35,,,77,2015
Jamie Hagiya,30,,,78,2015
Lauren Truszkowski,26,,,79,2015
Thuridur Erla Helgadottir,23,,,80,2015
Lauren Brooks,28,,,81,2015
Samantha Briggs,33,,,82,2015
Marisa Hardy,23,,,83,2015
Sarah Scholl,33,,,84,2015
Deborah Cordner Carson,35,,,85,2015
Kristin Miller,27,,,86,2015
Anna Fragkou,25,,,87,2015
Beth Spearman,33,,,88,2015
Megin Oczkowski,22,,,89,2015
Sanne Rooijmans,30,,,90,2015
Heather Soukas,28,,,91,2015
Audra LeBeau,29,,,92,2015
Tiffany Szemplinski,27,,,93,2015
Jaci Cale,37,,,94,2015
Ericka Letendre,29,,,95,2015
Cheryl Nasso,30,,,96,2015
Hjördís Óskarsdóttir,31,,,97,2015
Ashley Werner,28,,,98,2015
Kelley Jackson,31,,,99,2015
Leann Lapp,31,,,100,2015
Jessica Goeser,27,,,101,2015
Analisa Marquez,26,,,102,2015
Jamie Greene,24,,,103,2015
Kristi Eramo,26,,,104,2015
Shanna Dawley,36,,,105,2015
Claire treanor,29,,,106,2015
Jessa Lemoine,29,,,107,2015
Kari Pearce,26,,,108,2015
Bridget Erickson,28,,,109,2015
Carmen Bosmans,26,,,110,2015
Danielle Sidell,26,,,111,2015
Julie Abildgaard,27,,,112,2015
Colleen Fotsch,25,,,113,2015
Colleen Lehane,29,,,114,2015
Molly Vollmer,30,,,115,2015
Rachel Goldenberg,25,,,116,2015
Samantha Tolbert,28,,,117,2015
Kristine Best,25,,,118,2015
Emelie Smiding,35,,,119,2015
Nicole Corey,23,,,120,2015
Ana C. Caldas,37,,,121,2015
Sheila Barden,27,,,122,2015
Nikki Hall,32,,,123,2015
Mandi Janowitz,29,,,124,2015
Alexandra LaChance,27,,,125,2015
Kate Brierley,23,,,126,2015
Gabrielle Andrews,28,,,127,2015
Mallory Lawson,29,,,128,2015
Michelle Crawford,38,,,129,2015
Helena Falk,36,,,130,2015
Caitlin Ritchey,27,,,131,2015
Rachel Martinez,31,,,132,2015
Carlie Stone,26,,,133,2015
Stephanie Roy,37,,,134,2015
Lisa Shiu,33,,,135,2015
Valerie Voboril,36,,,136,2015
Breona Evans,24,,,137,2015
Chelsea Nicholas,27,,,138,2015
Elyse Umeda,30,,,139,2015
Karen McCadam,40,,,140,2015
Rachel Serna,31,,,141,2015
Harriet Roberts,23,,,142,2015
Chloe Gauvin-David,23,,,143,2015
Fanny Girard,24,,,144,2015
Jen Zambruno,26,,,145,2015
Teresa Luz,36,,,146,2015
Kelly Wild,25,,,147,2015
Brittany Kopp,27,,,148,2015
Darcie Warren,36,,,149,2015
Lisa Warren,26,,,150,2015
Jamie Greene,25,,,1,2016
Samantha Briggs,34,,,2,2016
Kara Webb,26,,,3,2016
Ragnheiður Sara Sigmundsdottir,23,,,4,2016
Michele Letendre,30,,,5,2016
Carol-Ann Reason-Thibault,28,,,6,2016
Camille Leblanc-Bazinet,27,,,7,2016
Emily Bridgers,29,,,8,2016
Alexis Johnson,25,,,9,2016
Annie Thorisdottir,26,,,10,2016
Stacie Tovar,31,,,11,2016
Emma McQuaid,26,,,12,2016
Kristin Holte,30,,,13,2016
Katrin Tanja Davidsdottir,23,,,14,2016
Julie Abildgaard,28,,,15,2016
Caroline Dardini,24,,,16,2016
Kari Pearce,27,,,17,2016
Carleen Mathews,32,,,18,2016
Brooke Wells,21,,,19,2016
Anna Fragkou,26,,,20,2016
Kristi Eramo,27,,,21,2016
Tasia Percevecz,25,,,22,2016
Cassidy Lance,28,,,23,2016
Tamarind Robinson,23,,,24,2016
Sarah Scholl,34,,,25,2016
Oddrun Eik Gylfadottir,27,,,26,2016
Kelley Jackson,32,,,27,2016
Chelsey Grigsby,26,,,28,2016
Alea Helmick,29,,,29,2016
Margaux Alvarez,31,,,30,2016
Lauren Fisher,22,,,31,2016
Sarabeth Phillips,29,,,32,2016
Mekenzie Riley,28,,,33,2016
Kirsten Pedri,34,,,34,2016
Chyna Cho,29,,,35,2016
Kristin Miller,28,,,36,2016
Kristine Andali,25,,,37,2016
Alethea Boon,32,,,38,2016
Chelsey Hughes,30,,,39,2016
Martina Barbaro,30,,,40,2016
Brista Mayfield,28,,,41,2016
Emily Abbott,27,,,42,2016
Brittany Chestnut,24,,,43,2016
Sara Armanius,26,,,44,2016
Brooke Ence,26,,,45,2016
Thuridur Erla Helgadottir,24,,,46,2016
Cheryl Nasso,31,,,47,2016
Justine Beath,26,,,48,2016
Maude Charron,23,,,49,2016
Jennifer Smith,30,,,50,2016
Joey Kimdon,38,,,51,2016
Mikaela Norman,23,,,52,2016
Anna Rode,23,,,53,2016
Keston Mendoza,21,,,54,2016
Whitney Heuser,25,,,55,2016
Anna Tunnicliffe,33,,,56,2016
Megan Scales,30,,,57,2016
Tiffany Hendrickson,35,,,58,2016
Rachel Garibay,24,,,59,2016
Kaitlyn Brierley,24,,,60,2016
Emmy Simpkins,26,,,61,2016
Melisa Alonso,23,,,62,2016
Courtney Walker,31,,,63,2016
Elyse Kile,29,,,64,2016
Kaleena Ladeairous,30,,,65,2016
Christy Adkins,31,,,66,2016
Laura Hosier,29,,,67,2016
Jamie Hagiya,31,,,68,2016
Megan Lovegrove,27,,,69,2016
Whitney Gelin,31,,,70,2016
Camilla Salomonsson Hellman,25,,,71,2016
Meredith Buckner,27,,,72,2016
Sheila Barden,28,,,73,2016
Helen Harding,40,,,74,2016
Meg Reardon,24,,,75,2016
Becca Chilczenkowski,27,,,76,2016
Marisa Hardy,24,,,77,2016
Dani Horan,28,,,78,2016
Danielle Lopiz,29,,,79,2016
Colleen Fotsch,26,,,80,2016
Bridget Erickson,29,,,81,2016
Tia-Clair Toomey,22,,,82,2016
Rebecca Voigt,35,,,83,2016
Carly Fuhrer,25,,,84,2016
Ruth Anderson Horrell,32,,,85,2016
Chloe Gauvin-David,24,,,86,2016
Maddy Myers,19,,,87,2016
Kelly Wild,26,,,88,2016
Steph Dekker,26,,,89,2016
Regan Huckaby,29,,,90,2016
Kristine Best,26,,,91,2016
Maggie Kerrigan,26,,,92,2016
Breona Evans,25,,,93,2016
Alessandra Pichelli,30,,,94,2016
Monique Williams,25,,,95,2016
Brenda Castro,27,,,96,2016
Jessica Griffith,24,,,97,2016
Rachel Goldenberg,26,,,98,2016
Andrea Ager,28,,,99,2016
Stephanie Ortiz,28,,,100,2016
Ashley Werner,29,,,101,2016
Charlotte Spence,29,,,102,2016
Alex Parker,26,,,103,2016
Heather Soukas,29,,,104,2016
Brooke Haas,27,,,105,2016
Nicole Holcomb,29,,,106,2016
Helena Falk,37,,,107,2016
Lauren Herrera,27,,,108,2016
Jessica Schwartz,18,,,109,2016
Chasity Snowden,35,,,110,2016
Manon Lesur,25,,,111,2016
Nina Arezina,30,,,112,2016
Alanna Fisk,24,,,113,2016
Danielle Brandon,20,,,114,2016
Claire Treanor,30,,,115,2016
Anita Pravatti,30,,,116,2016
Chelsie Morter,26,,,117,2016
Marcella Morrill,27,,,118,2016
Stacey Kroon,33,,,119,2016
Jessa Lemoine,30,,,120,2016
Megin Oczkowski,23,,,121,2016
Elyse Umeda,31,,,122,2016
Madison Freeman,30,,,123,2016
Talayna Fortunato,35,,,124,2016
Carmen Bosmans,27,,,125,2016
Carolyne Prevost,26,,,126,2016
Lacy Baumgart,29,,,127,2016
Jo Caulton,27,,,128,2016
Chelsea Nicholas,28,,,129,2016
Sarah Pierce,28,,,130,2016
Darian Sperry,21,,,131,2016
Jessica Coughlan,27,,,132,2016
Julie Foucher,27,,,133,2016
Dara Ching,32,,,134,2016
Jennifer Nobis-Dancer,32,,,135,2016
Julie Nadeau,34,,,136,2016
Jenna Gracey,28,,,137,2016
Emma Rosengren,29,,,138,2016
Kolson Lamb Casey,24,,,139,2016
Jenny Borda,35,,,140,2016
Caileigh McDade,27,,,141,2016
Mikki Nuccio,26,,,142,2016
Teresa Luz,37,,,143,2016
Delaina Snider,35,,,144,2016
Jen Hauser,42,,,145,2016
Tiffany Szemplinski,28,,,146,2016
Antonelli Nicole,30,,,147,2016
Jaci Cale,38,,,148,2016
Jenn Ryan,36,,,149,2016
Sanne Rooijmans,31,,,150,2016
Ragnheiður Sara Sigmundsdottir,24,173.0,69.0,1,2017
Kari Pearce,28,160.02,63.04933943,2,2017
Camille Leblanc-Bazinet,28,157.48,58.9670081,3,2017
Jamie Greene,26,163.0,61.23496995,4,2017
Cassidy Lance-Mcwherter,29,160.02,63.502931800000006,5,2017
Carol-Ann Reason-Thibault,29,164.0,64.41011654,6,2017
Annie Thorisdottir,27,170.0,68.94604024,7,2017
Thuridur Erla Helgadottir,25,164.0,59.0,8,2017
Brooke Wells,22,167.64000000000001,68.0388555,9,2017
Katrin Tanja Davidsdottir,24,169.0,68.94604024,10,2017
Kara Webb,27,162.0,73.48196394,11,2017
Samantha Briggs,35,170.0,61.23496995,12,2017
Mekenzie Riley,29,162.56,70.30681735,13,2017
Kristi Eramo,28,157.48,59.874192840000006,14,2017
Emma McQuaid,27,165.0,65.0,15,2017
Kristin Holte,31,162.0,59.0,16,2017
Mirakim Couvrette,26,160.02,64.41011654,17,2017
Tia-Clair Toomey,23,163.0,58.0,18,2017
Margaux Alvarez,32,170.18,68.94604024,19,2017
Bethany Branham,23,162.56,65.31730128000001,20,2017
Carleen Mathews,33,157.48,63.502931800000006,21,2017
Dani Horan,29,167.64000000000001,67.13167076,22,2017
Chyna Cho,30,172.72,67.13167076,23,2017
Emily Bridgers,30,154.94,61.23496995,24,2017
Brooke Haas,28,160.02,69.85322498000001,25,2017
Brenda Castro,28,2.0,63.04933943,26,2017
Caroline Dardini,25,154.94,56.24545388,27,2017
Oddrun Eik Gylfadottir,28,163.0,58.05982336,28,2017
Stacie Tovar,32,165.1,64.86370891,29,2017
Alexis Johnson,26,157.48,63.502931800000006,30,2017
Chantelle Loehner,25,167.64000000000001,65.77089365,31,2017
Emily Abbott,28,170.18,71.21400209000001,32,2017
Kirsten Pedri,35,175.26,68.94604024,33,2017
Jennifer Smith,31,167.64000000000001,62.142154690000005,34,2017
Kelley Jackson,33,157.48,58.9670081,35,2017
Megan Scales,31,175.26,72.12118683,36,2017
Lauren Fisher,23,165.1,63.502931800000006,37,2017
Jacqueline Dahlstrøm,25,167.0,67.0,38,2017
Jessica Coughlan,28,166.0,65.77089365,39,2017
Bjork Odinsdottir,29,160.0,63.0,40,2017
Stephanie Roy,39,165.0,63.502931800000006,41,2017
Chloe Gauvin-David,25,170.18,66.22448602,42,2017
Kristine Best,27,160.02,62.59574706,43,2017
Laura Horvath,20,170.0,70.0,44,2017
Lauren Gravatt,31,167.64000000000001,65.77089365,45,2017
Alanna Fisk,25,149.86,61.23496995,46,2017
Alison Scudds,24,160.02,63.502931800000006,47,2017
Lauren Herrera,28,160.02,58.9670081,48,2017
Rachel Garibay,25,12.7,58.9670081,49,2017
Meredith Root,28,162.56,59.874192840000006,50,2017
Regan Huckaby,30,165.1,66.67807839000001,51,2017
Jessica Griffith,25,167.64000000000001,69.85322498000001,52,2017
Katie Trombetta,26,160.02,67.13167076,53,2017
Jennifer Nobis-Dancer,33,170.18,69.39963261,54,2017
Chelsey Hughes,31,165.1,61.23496995,55,2017
Carolyne Prevost,27,160.02,65.77089365,56,2017
Carly Fuhrer,26,160.02,61.23496995,57,2017
Elizabeth Adams,30,172.72,70.30681735,58,2017
Kelcy Ware,28,162.56,65.77089365,59,2017
Rachel Serna,33,167.64000000000001,62.59574706,60,2017
Amanda Fränden,30,171.0,69.0,61,2017
Whitney Heuser,26,162.56,63.502931800000006,62,2017
Bridget Erickson,30,154.94,61.23496995,63,2017
Analisa Marquez,28,167.64000000000001,68.0388555,64,2017
Meg Reardon,25,167.64000000000001,68.0388555,65,2017
Karine Shrum,28,172.0,70.30681735,66,2017
Francesca Emanuele,28,160.02,65.77089365,67,2017
Chelsey Grigsby,27,165.1,63.502931800000006,68,2017
Kristin Miller,29,162.56,61.23496995,69,2017
Rebecca Delaney,27,162.56,71.21400209000001,70,2017
Sarah Scholl,35,172.72,61.23496995,71,2017
Tennil Reed,29,167.64000000000001,71.66759446,72,2017
Taylor Streid,26,165.1,63.502931800000006,73,2017
Karin Dike,29,168.0,69.85322498000001,74,2017
Rachel Campbell,25,160.02,64.41011654,75,2017
Marisa De Los santos,26,147.32,47.62719885,76,2017
Paige Semenza,25,160.02,64.86370891,77,2017
Lindsay Eder,28,167.64000000000001,65.31730128000001,78,2017
Manon Lesur,26,163.0,65.77089365,79,2017
Camilla Salomonsson Hellman,26,165.0,69.0,80,2017
Whitney Gelin,32,170.18,74.84274105,81,2017
Alessandra Pichelli,31,167.64000000000001,70.30681735,82,2017
Jamie Hagiya,32,160.02,68.0388555,83,2017
Rita García,29,157.0,56.69904625,84,2017
Jaime Goodwin,24,156.0,57.0,85,2017
Claudia Vazquez,26,165.1,65.77089365,86,2017
Sarabeth Phillips,30,154.94,58.05982336,87,2017
Andrea Nisler,28,167.64000000000001,69.85322498000001,88,2017
Rebecca Voigt,36,175.26,68.94604024,89,2017
Alea Helmick,30,172.72,67.13167076,90,2017
Margaret Simpkins,27,170.18,68.0388555,91,2017
Kristin Reffett,29,165.1,63.502931800000006,92,2017
Anna Rode,24,162.56,68.0388555,93,2017
Chelsie Guardado,27,154.94,59.874192840000006,94,2017
Sarah Loogman,26,170.18,68.0388555,95,2017
Claire Treanor,31,165.1,70.30681735,96,2017
Sheila Barden,29,152.4,58.9670081,97,2017
Keston Mendoza,22,165.1,66.67807839000001,98,2017
Maddy Myers,20,157.48,61.23496995,99,2017
Tiffany Hendrickson,36,160.02,61.23496995,100,2017
Laura Hosier,30,170.0,68.0388555,101,2017
Sara Armanius,27,162.0,67.58526313,102,2017
Hayley Murillo,30,175.26,76.20351816,103,2017
Danielle Llopiz,30,152.4,74.84274105,104,2017
Jenna Gracey,29,162.56,64.41011654,105,2017
Marisa Hardy,25,160.02,68.94604024,106,2017
Kelly Baker,25,162.56,68.0388555,107,2017
Harriet Roberts,25,171.0,67.58526313,108,2017
Carrie Dudley,25,160.02,61.23496995,109,2017
Courtney Walker,32,157.48,58.05982336,110,2017
Taylor Ballek,20,165.1,63.502931800000006,111,2017
Khristin Allen,26,165.1,68.0388555,112,2017
Colleen Lehane,31,157.48,63.95652417,113,2017
Helena Falk,38,165.0,65.0,114,2017
Lauren Shawver,30,167.64000000000001,65.77089365,115,2017
Haley Adams,16,170.18,63.502931800000006,116,2017
Anna Tunnicliffe,34,167.0,64.86370891,117,2017
Hilary Steele,27,147.32,54.4310844,118,2017
Anna Fragkou,27,160.0,63.0,119,2017
Jo Caulton,28,165.0,69.85322498000001,120,2017
Jessica Aelvoet,35,160.02,61.68856232,121,2017
Helen Harding,41,158.0,58.513415730000006,122,2017
Melisa Alonso,24,160.02,62.59574706,123,2017
Shannon Zimmerman,32,165.1,66.67807839000001,124,2017
Kelly Nicolas,25,160.02,64.41011654,125,2017
Jennifer Reyes,30,170.0,63.0,126,2017
Carmen Bosmans,28,167.0,70.0,127,2017
Angelica Bengtsson,30,168.0,70.0,128,2017
Jessica Schwartz,19,165.1,68.0388555,129,2017
Stephanie Chung,25,165.1,68.0388555,130,2017
Chelsea Nicholas,29,167.64000000000001,68.0388555,131,2017
Jessica Purdy,27,162.56,61.68856232,132,2017
Carla Frazier,29,157.48,63.502931800000006,133,2017
Solveig Sigurdardottir,22,170.0,68.0388555,134,2017
Betsy Simser,28,170.18,61.23496995,135,2017
Brista Mayfield,29,157.48,66.67807839000001,136,2017
Danielle Brandon,21,170.0,70.30681735,137,2017
Breona Evans,26,154.94,56.69904625,138,2017
Stephanie Ortiz,29,160.02,63.502931800000006,139,2017
Tia Wright,25,162.56,62.59574706,140,2017
Audra LeBeau,31,167.64000000000001,67.13167076,141,2017
Ashley Werner,30,160.02,65.77089365,142,2017
Leilani Dawes,32,172.0,70.76040972,143,2017
Lauren Weeks,27,162.56,58.9670081,144,2017
Caitlin Anderson,29,175.26,73.48196394,145,2017
Meg Allison Iafrate,26,175.26,74.84274105,146,2017
Antonelli Nicole,31,153.0,60.781377580000004,147,2017
Madeline Senkosky,31,160.02,65.77089365,148,2017
Ariane Saint-Louis,30,166.0,65.77089365,149,2017
Hope Cicero,34,154.94,61.23496995,150,2017
Cassidy Lance-Mcwherter,30,160.02,63.502931800000006,1,2018
Kara Saunders,28,162.0,73.48196394,2,2018
Carolyne Prevost,28,160.02,65.77089365,3,2018
Camille Leblanc-Bazinet,29,157.48,58.9670081,4,2018
Annie Thorisdottir,28,170.0,68.94604024,5,2018
Brooke Wells,23,167.64000000000001,68.0388555,6,2018
Rachel Garibay,26,12.7,58.9670081,7,2018
Katrin Tanja Davidsdottir,25,169.0,68.94604024,8,2018
Jamie Greene,27,163.0,61.23496995,9,2018
Alanna Fisk,26,149.86,61.23496995,10,2018
Mekenzie Riley,30,162.56,70.30681735,11,2018
Tia-Clair Toomey,24,163.0,58.0,12,2018
Emily Bridgers,31,154.94,61.23496995,13,2018
Chantelle Loehner,26,167.64000000000001,65.77089365,14,2018
Kristin Holte,32,162.0,59.0,15,2018
Carol-Ann Reason-Thibault,30,164.0,64.41011654,16,2018
Jessica Coughlan,29,166.0,65.77089365,17,2018
Laura Horvath,21,170.0,70.0,18,2018
Emma McQuaid,28,165.0,65.0,19,2018
Karissa Pearce,29,160.02,63.04933943,20,2018
Ragnheiður Sara Sigmundsdottir,25,173.0,69.0,21,2018
Brooke Haas,29,160.02,69.85322498000001,22,2018
Justine Beath,28,163.0,63.502931800000006,23,2018
McKenzie Flinchum,26,165.1,65.77089365,24,2018
Jadzia Truszkowski,30,157.48,61.23496995,25,2018
Hayley Murillo,31,175.26,76.20351816,26,2018
Amanda Barnhart,26,170.18,72.57477920000001,27,2018
Chyna Cho,31,172.72,67.13167076,28,2018
Samantha Briggs,36,170.0,61.23496995,29,2018
Gabriela Migała,19,170.0,75.0,30,2018
Meg Reardon,26,167.64000000000001,68.0388555,31,2018
Alexis Johnson,27,157.48,63.502931800000006,32,2018
Kristine Best,28,160.02,62.59574706,33,2018
Emma Chapman,30,157.48,58.9670081,34,2018
Brenda Castro,29,2.0,63.04933943,35,2018
Anna Fragkou,28,160.0,63.0,36,2018
Bjork Odinsdottir,30,160.0,63.0,37,2018
Stephanie Roy,40,165.0,63.502931800000006,38,2018
Oddrun Gylfadottir,29,163.0,58.05982336,39,2018
Caroline Conners,25,154.94,60.32778521,40,2018
Madeline Sturt,21,159.0,63.0,41,2018
Whitney Heuser,27,162.56,63.502931800000006,42,2018
Alison Scudds,25,160.02,63.502931800000006,43,2018
Tia Wright,26,162.56,62.59574706,44,2018
Kristin Miller,30,162.56,61.23496995,45,2018
Anna Rode,25,162.56,68.0388555,46,2018
Caroline Dardini,26,154.94,56.24545388,47,2018
Mirakim Couvrette,27,160.02,64.41011654,48,2018
Jennifer Smith,32,167.64000000000001,62.142154690000005,49,2018
Rebecca Voigt,37,175.26,68.94604024,50,2018
Camilla Salomonsson Hellman,27,165.0,69.0,51,2018
Laura Hosier,31,170.0,68.0388555,52,2018
Alessandra Pichelli,32,167.64000000000001,70.30681735,53,2018
Kristi Eramo,29,157.48,59.874192840000006,54,2018
Chelsey Hughes,32,165.1,61.23496995,55,2018
Mallory Berger,33,157.48,63.502931800000006,56,2018
Manon Lesur,27,163.0,65.77089365,57,2018
Jessica Griffith,26,167.64000000000001,69.85322498000001,58,2018
Carrie Dudley,26,160.02,61.23496995,59,2018
Karin Freyová,23,170.0,72.0,60,2018
Corrin Lemieux,35,165.1,63.502931800000006,61,2018
Tennil Beuerlein,30,167.64000000000001,71.66759446,62,2018
Regan Huckaby,31,165.1,66.67807839000001,63,2018
Jamie Hagiya,33,160.02,68.0388555,64,2018
Sarabeth Phillips,31,154.94,58.05982336,65,2018
Thuridur Erla Helgadottir,26,164.0,59.0,66,2018
Melisa Alonso,25,160.02,62.59574706,67,2018
Kirsten Pedri,36,175.26,68.94604024,68,2018
Kelly Baker,26,162.56,68.0388555,69,2018
Brista Mayfield,30,157.48,66.67807839000001,70,2018
Colleen Fotsch,28,172.72,75.74992579,71,2018
Renata Pimentel,35,174.0,73.0,72,2018
Jacqueline Dahlstrøm,26,167.0,67.0,73,2018
Carleen Mathews,34,157.48,62.142154690000005,74,2018
Kelley Jackson,34,157.48,58.9670081,75,2018
Chloe Gauvin-David,26,170.18,66.22448602,76,2018
Brooke Ence,28,170.18,68.0388555,77,2018
Laura Gonzalez-Marin,24,170.18,67.13167076,78,2018
Janelle Shafer,24,160.02,63.502931800000006,79,2018
Dani Speegle,24,167.64000000000001,76.20351816,80,2018
Emilia Leppanen,31,165.0,68.0388555,81,2018
Rochelle Steinbergs,26,168.0,68.0,82,2018
Ashley Werner,31,160.02,65.77089365,83,2018
Bethany Shadburne,24,162.56,65.31730128000001,84,2018
Karine Shrum,29,172.0,70.30681735,85,2018
Emily Tanner,29,170.18,72.57477920000001,86,2018
Kaitlyn Brierley,26,157.48,56.24545388,87,2018
Rita García,30,157.0,56.69904625,88,2018
Lauren Gravatt,32,167.64000000000001,65.77089365,89,2018
Rachel Serna,34,167.64000000000001,62.59574706,90,2018
Tasia Percevecz,27,165.1,72.57477920000001,91,2018
Anna Tobias,35,167.0,64.86370891,92,2018
Joey Kimdon,40,154.94,56.69904625,93,2018
Paige Semenza,26,160.02,64.86370891,94,2018
Jennifer Nobis-Dancer,34,170.18,69.39963261,95,2018
Kaitlyn Kassis,23,170.18,63.502931800000006,96,2018
Chelsey Grigsby,28,165.1,63.502931800000006,97,2018
Melissa Doll,25,175.26,78.47148001000001,98,2018
Katelin Marks,26,171.0,68.0,99,2018
Claire Treanor,32,165.1,70.30681735,100,2018
Tammy Wildgoose,32,160.02,63.502931800000006,101,2018
Taylor Streid,27,165.1,63.502931800000006,102,2018
Danielle Sidell,29,177.8,68.0388555,103,2018
Lindsey Valenzuela,31,167.64000000000001,68.0388555,104,2018
Camzin Martin,26,170.18,68.94604024,105,2018
Meredith Root,30,162.56,59.874192840000006,106,2018
Kelli Holm,36,165.1,63.502931800000006,107,2018
Danielle Beaudreault,28,162.56,62.142154690000005,108,2018
Chelsea Nicholas,30,167.64000000000001,68.0388555,109,2018
Charlotte Spence,31,157.48,66.0,110,2018
Emily Abbott,29,170.18,71.21400209000001,111,2018
Michele Fumagalli,30,165.1,70.30681735,112,2018
Jessica Core,33,157.48,61.68856232,113,2018
Sarah Scholl,36,172.72,61.23496995,114,2018
Ehea Schuerch,29,170.18,71.66759446,115,2018
Kloie Wilson,20,170.18,70.30681735,116,2018
Taylor Williamson,24,175.26,72.57477920000001,117,2018
Megan Scales,32,175.26,69.39963261,118,2018
Kolson Lamb Casey,26,172.72,68.0388555,119,2018
Stephanie Chung,26,165.1,68.0388555,120,2018
Kelcy Ware,29,162.56,65.77089365,121,2018
Kelly Wilhide,20,157.48,61.23496995,122,2018
Sheila Barden,30,152.4,58.9670081,123,2018
Dani Horan,30,167.64000000000001,67.13167076,124,2018
Erin Carter,40,160.02,63.502931800000006,125,2018
Lorraine Allard,27,165.1,65.31730128000001,126,2018
Kelsey Kiel,27,170.18,78.47148001000001,127,2018
Hanne Nilsen,30,170.0,,128,2018
Nicole Corey,26,165.1,74.84274105,129,2018
Jordan Adcock,26,167.64000000000001,65.77089365,130,2018
Alex Parker,28,167.64000000000001,64.41011654,131,2018
Lauren Herrera,29,160.02,58.9670081,132,2018
Lindsay Eder,29,167.64000000000001,65.31730128000001,133,2018
Maria Kurzawa,26,171.0,69.0,134,2018
Marcella Hunnicutt,29,157.48,63.502931800000006,135,2018
Elia Navarro,36,160.0,60.0,136,2018
Margaux Alvarez,33,170.18,68.94604024,137,2018
Taylor Ballek,21,165.1,63.502931800000006,138,2018
Carlie Stone,29,162.56,69.39963261,139,2018
Shelby Neal,18,157.48,63.502931800000006,140,2018
Oxana Slivenko,31,164.0,67.0,141,2018
Chely Galvan,28,165.1,61.23496995,142,2018
Nicolette Donovan,24,152.4,52.163122550000004,143,2018
Whitney Gelin,33,170.18,74.84274105,144,2018
Arielle Armstrong,24,160.02,64.86370891,145,2018
Kate Kennedy,25,170.18,72.57477920000001,146,2018
Antonelli Nicole,32,153.0,60.781377580000004,147,2018
Marisa De Los Santos,27,147.32,47.62719885,148,2018
Nicole Holcomb,31,170.18,68.0388555,149,2018
Danielle Llopiz,31,152.4,74.84274105,150,2018
Ragnheiður Sara Sigmundsdottir,26,173.0,69.0,1,2019
Annie Thorisdottir,29,170.0,68.94604024,2,2019
Kristin Holte,33,162.0,59.0,3,2019
Jamie Greene,28,163.0,61.23496995,4,2019
Dani Speegle,25,167.64000000000001,76.20351816,5,2019
Brooke Wells,24,167.64000000000001,68.0388555,6,2019
Tia-Clair Toomey,25,163.0,58.0,7,2019
Karissa Pearce,30,160.02,63.04933943,8,2019
Amanda Barnhart,27,170.18,72.57477920000001,9,2019
Carol-Ann Reason-Thibault,31,164.0,64.41011654,10,2019
Mekenzie Riley,31,162.56,70.30681735,11,2019
Karin Freyová,24,170.0,72.0,12,2019
Katrin Tanja Davidsdottir,26,169.0,68.94604024,13,2019
Carolyne Prevost,29,160.02,65.77089365,14,2019
Emma McQuaid,29,165.0,65.0,15,2019
Danielle Brandon,23,170.0,70.30681735,16,2019
McKenzie Flinchum,27,165.1,65.77089365,17,2019
Brooke Haas,30,160.02,69.85322498000001,18,2019
Alexis Johnson,28,157.48,63.502931800000006,19,2019
Samantha Briggs,37,170.0,61.23496995,20,2019
Alessandra Pichelli,33,167.64000000000001,70.30681735,21,2019
Jacqueline Dahlstrøm,27,167.0,67.0,22,2019
Chantelle Loehner,27,167.64000000000001,65.77089365,23,2019
Feeroozeh Saghafi,24,157.48,61.23496995,24,2019
Tasia Percevecz,28,165.1,72.57477920000001,25,2019
Kristi Eramo,30,157.48,59.874192840000006,26,2019
Camilla Salomonsson Hellman,28,165.0,69.0,27,2019
Katie Trombetta,28,160.02,67.13167076,28,2019
Carrie Beamer,27,160.02,61.23496995,29,2019
Gabriela Migała,20,170.0,75.0,30,2019
Katelin Van Zyl,27,171.0,68.0,31,2019
Haley Adams,18,170.18,63.502931800000006,32,2019
Colleen Fotsch,29,172.72,75.74992579,33,2019
Julie Hougård,27,173.0,70.0,34,2019
Courtney Haley,24,165.0,69.0,35,2019
Thuridur Erla Helgadottir,27,164.0,59.0,36,2019
Jessica Coughlan,30,166.0,65.77089365,37,2019
Cheryl Nasso,34,162.56,61.23496995,38,2019
Jessica Griffith,27,167.64000000000001,69.85322498000001,39,2019
Melina Rodriguez,23,156.0,62.59574706,40,2019
Amy Morton,31,163.0,69.85322498000001,41,2019
Cassidy Lance-Mcwherter,31,160.02,63.502931800000006,42,2019
Emelye Dwyer,31,163.0,63.0,43,2019
Emilia Leppanen,32,165.0,68.0388555,44,2019
Harriet Roberts,27,171.0,67.58526313,45,2019
Renata Pimentel,36,174.0,73.0,46,2019
Caroline Dardini,27,154.94,56.24545388,47,2019
Elly Kabboord,34,,,48,2019
Kendall Vincelette,25,157.48,57.60623099,49,2019
Josie Hamming,24,162.56,67.13167076,50,2019
Chelsey Grigsby,29,165.1,63.502931800000006,51,2019
Justine Beath,29,163.0,63.502931800000006,52,2019
Manon Lesur,28,163.0,65.77089365,53,2019
Chloe Gauvin-David,27,170.18,66.22448602,54,2019
Carmen Bosmans,30,167.0,70.0,55,2019
Baylee Rayl,23,,,56,2019
Carole Castellani,30,170.0,70.0,57,2019
Gemma Root,33,170.18,61.23496995,58,2019
Christine Kolenbrander,27,167.64000000000001,69.85322498000001,59,2019
Lauren Suever,28,170.18,66.22448602,60,2019
Alison Scudds,26,160.02,63.502931800000006,61,2019
Manila Pennacchio,32,165.0,70.0,62,2019
Madeline Sturt,22,159.0,63.0,63,2019
Chelsey Hughes,33,165.1,61.23496995,64,2019
Chyna Cho,32,172.72,67.13167076,65,2019
Carleen Mathews,35,157.48,62.142154690000005,66,2019
Taylor Knisely,26,167.64000000000001,70.30681735,67,2019
Jennifer Smith,33,167.64000000000001,62.142154690000005,68,2019
Paige Henry,29,162.56,65.77089365,69,2019
Megan Signal,29,160.0,61.68856232,70,2019
Rochelle Steinbergs,27,168.0,68.0,71,2019
Sara Alicia Fernandez Costas,29,159.0,63.0,72,2019
Taylor Streid,28,165.1,63.502931800000006,73,2019
Brista Mayfield,31,157.48,66.67807839000001,74,2019
Kaitlyn Kassis,24,170.18,63.502931800000006,75,2019
Frederikke Frandsen,28,158.0,63.0,76,2019
Elizabeth Bradley,23,157.48,63.502931800000006,77,2019
Renee Hoffman,40,161.0,58.0,78,2019
Rebecka Vitesson,25,173.0,65.0,79,2019
Louise Wickström,29,162.0,67.0,80,2019
Marnie Sykes,26,172.0,30.84428116,81,2019
Nikki Matarazzo,28,152.0,63.95652417,82,2019
Manon Angonese,26,163.0,66.0,83,2019
Marie-Pier Bonneau,19,163.0,58.05982336,84,2019
Filippa Ferm,19,167.0,60.0,85,2019
Emma Wright,27,165.0,69.0,86,2019
Thelma Christoforou,32,168.0,64.86370891,87,2019
Ehea Schuerch,30,170.18,71.66759446,88,2019
Hayley Murillo,32,175.26,76.20351816,89,2019
Hanne Short,31,170.0,,90,2019
Mia Åkerlund,29,168.0,67.0,91,2019
Jaime Goodwin,26,156.0,57.0,92,2019
Jessica Vetter,34,173.0,66.0,93,2019
Danila Capaccetti,35,170.0,71.0,94,2019
Vanessa Wagner,28,169.0,65.0,95,2019
Melissa Doll,26,175.26,78.47148001000001,96,2019
Meg Reardon,27,167.64000000000001,68.0388555,97,2019
Stephanie Schabl,29,160.0,59.874192840000006,98,2019
Ashleigh Wosny,21,170.18,66.67807839000001,99,2019
Jayne Eadie,30,170.0,66.0,100,2019
Lena Richter,24,163.0,66.0,101,2019
Stephanie Chung,27,165.1,68.0388555,102,2019
Tara Jenkins,32,171.0,69.0,103,2019
Tayla Howe,22,165.0,75.0,104,2019
Jayne McKay,30,172.0,67.0,105,2019
Ingrid Hodnemyr,24,172.0,70.0,106,2019
Anastasiya Ganina,34,170.0,69.0,107,2019
Karine Shrum,30,172.0,70.30681735,108,2019
Carly Menzies,31,164.0,65.0,109,2019
Dani Mosbrucker,25,172.72,70.30681735,110,2019
Leonie Henrich,25,171.0,71.0,111,2019
Mikaela Norman,26,179.0,68.0,112,2019
Alessia Joy Wälchli,25,168.0,66.0,113,2019
Bethany Shadburne,25,162.56,65.31730128000001,114,2019
Sanna Venäläinen,28,164.0,64.0,115,2019
Lea Schmidt,27,162.0,59.0,116,2019
Charlotte Spence,32,157.48,66.0,117,2019
Elena Carratala Sanahuja,25,164.0,63.0,118,2019
Leigha Dean,27,161.0,63.502931800000006,119,2019
Hope Cicero,36,154.94,61.23496995,120,2019
Anastasiya Marino,33,170.18,65.77089365,121,2019
Laura Gonzalez-Marin,25,170.18,67.13167076,122,2019
Maddy Myers,22,157.48,61.23496995,123,2019
Sabrina Caron,27,161.0,58.0,124,2019
Lindsay Vaughan,34,172.72,70.0,125,2019
Breona Evans,28,154.94,56.69904625,126,2019
Thais Nunes,28,155.0,66.67807839000001,127,2019
Synne Krokstad,27,169.0,69.0,128,2019
Ashley Werner,32,160.02,65.77089365,129,2019
Jenna Larson,40,165.1,65.77089365,130,2019
Simona Quintana,23,167.0,65.0,131,2019
Angelica Bengtsson,32,168.0,70.0,132,2019
Corrin Lemieux,36,165.1,63.502931800000006,133,2019
Veera Koskelainen,28,165.0,57.0,134,2019
MaryKay Dreisilker,29,160.02,68.0388555,135,2019
Larissa Cunha,28,153.0,62.0,136,2019
Lauren Gravatt,33,167.64000000000001,65.77089365,137,2019
Aimee Tawhai,27,163.0,66.0,138,2019
Alison Stall,31,170.18,69.39963261,139,2019
Amanda Hardeman,30,12.7,72.57477920000001,140,2019
Jillian Smith,30,172.72,79.83225712000001,141,2019
Belinda Bekker,31,158.0,59.0,142,2019
Ganna Almazova,32,165.0,63.0,143,2019
Ahnna Knepper,27,160.02,60.781377580000004,144,2019
Alethea Boon,35,160.0,58.9670081,145,2019
Andreia Pinheiro,36,170.0,72.0,146,2019
Simone Arthur,25,159.0,59.0,147,2019
Elena Budz,20,160.02,63.502931800000006,148,2019
Lauren Herrera,30,160.02,58.9670081,149,2019
Elyse Kile,32,172.72,70.30681735,150,2019
Ragnheiður Sara Sigmundsdottir,27,173.0,69.0,1,2020
Annie Thorisdottir,30,170.0,68.94604024,2,2020
Kristin Holte,34,162.0,59.0,3,2020
Tia-Clair Toomey,26,163.0,58.0,4,2020
Jamie Simmonds,29,163.0,61.23496995,5,2020
Kari Pearce,31,160.02,63.04933943,6,2020
Emma McQuaid,30,165.0,65.0,7,2020
Carol-Ann Reason-Thibault,32,164.0,64.41011654,8,2020
Karin Freyová,25,170.0,72.0,9,2020
Laura Horváth,23,170.0,70.0,10,2020
Brooke Wells,25,167.64000000000001,68.0388555,11,2020
Kara Saunders,30,162.0,73.48196394,12,2020
Camilla Salomonsson Hellman,29,165.0,69.0,13,2020
Kristi Eramo O'Connell,31,157.48,59.874192840000006,14,2020
Kendall Vincelette,26,157.48,57.60623099,15,2020
Andrea Nisler,31,167.64000000000001,69.85322498000001,16,2020
Gabriela Migała,21,170.0,75.0,17,2020
Dani Speegle,26,167.64000000000001,76.20351816,18,2020
Kristine Best,30,160.02,62.59574706,19,2020
Katelin Van Zyl,28,171.0,68.0,20,2020
Alanna Fisk Colón,28,149.86,61.23496995,21,2020
Brooke Haas,31,160.02,69.85322498000001,22,2020
Katrin Tanja Davidsdottir,27,169.0,68.94604024,23,2020
Amanda Barnhart,28,170.18,72.57477920000001,24,2020
Sabrina Caron,28,161.0,58.0,25,2020
Carolyne Prevost,30,160.02,65.77089365,26,2020
Manon Lesur,29,163.0,65.77089365,27,2020
Melina Rodriguez,24,156.0,62.59574706,28,2020
Emma Chapman,32,157.48,58.9670081,29,2020
Taylor Williamson,26,175.26,72.57477920000001,30,2020
Meg Reardon,28,167.64000000000001,68.0388555,31,2020
Haley Adams,19,170.18,63.502931800000006,32,2020
Emma Tall,28,168.0,68.0,33,2020
Sara Alicia Fernandez Costas,30,159.0,63.0,34,2020
MaryKay Dreisilker,30,160.02,68.0388555,35,2020
Sasha Nievas,22,156.0,61.0,36,2020
Danielle Brandon,24,170.0,70.30681735,37,2020
Madeline Sturt,23,159.0,63.0,38,2020
Larissa Cunha,29,153.0,62.0,39,2020
Rachel Garibay,28,12.7,58.9670081,40,2020
Alexis Johnson,29,157.48,63.502931800000006,41,2020
Matilde Garnes,24,174.0,68.0,42,2020
Jaime Goodwin,27,156.0,57.0,43,2020
Alessandra Pichelli,34,167.64000000000001,70.30681735,44,2020
Bethany Shadburne,26,162.56,65.31730128000001,45,2020
Stephanie Chung,28,165.1,68.0388555,46,2020
Christine Kolenbrander,28,167.64000000000001,69.85322498000001,47,2020
Emilia Leppanen,33,165.0,68.0388555,48,2020
Jimena Delamer,38,164.0,63.0,49,2020
Olivia Sulek,16,165.1,70.30681735,50,2020
Rebecca Voigt Miller,39,175.26,68.94604024,51,2020
Chyna Cho,33,172.72,67.13167076,52,2020
Tasia Percevecz,29,165.1,72.57477920000001,53,2020
Emelie Lundberg,30,162.0,62.0,54,2020
Paige Semenza,28,160.02,64.86370891,55,2020
Alexys D'Tiole,29,167.64000000000001,68.0388555,56,2020
Taylor Streid,29,165.1,63.502931800000006,57,2020
Jessica Coughlan,31,166.0,65.77089365,58,2020
Harriet Roberts,28,171.0,67.58526313,59,2020
Kelly Stone,29,165.1,68.0388555,60,2020
Paige Henry,30,162.56,65.77089365,61,2020
Thuridur Erla Helgadottir,28,164.0,59.0,62,2020
Alison Stall,32,170.18,69.39963261,63,2020
Melissa Doll,27,175.26,78.47148001000001,64,2020
Alethea Boon,36,,,65,2020
Manon Angonese,27,163.0,66.0,66,2020
Kelley Jackson,36,157.48,58.9670081,67,2020
Anastasiya Marino,34,170.18,65.77089365,68,2020
Caroline Conners,27,154.94,60.32778521,69,2020
Tammi Robinson,27,172.0,74.0,70,2020
Elena Carratala Sanahuja,26,164.0,63.0,71,2020
Charlotte Spence,33,157.48,66.0,72,2020
Julie Hougård,28,173.0,70.0,73,2020
Alex Parker,30,167.64000000000001,64.41011654,74,2020
Megan Lovegrove,31,158.0,65.0,75,2020
Ekaterina Makarova,27,175.0,71.0,76,2020
Caroline Dardini,28,154.94,56.24545388,77,2020
Tayla Howe,23,165.0,75.0,78,2020
Feeroozeh Saghafi,25,157.48,61.23496995,79,2020
Emma Cary,16,162.56,63.502931800000006,80,2020
Brenda Castro,31,2.0,63.04933943,81,2020
Breona Evans,29,154.94,56.69904625,82,2020
Tori Dyson,25,152.4,63.502931800000006,83,2020
Carole Castellani,31,170.0,70.0,84,2020
Louise Wickström,30,162.0,67.0,85,2020
Emily Tanner,31,170.18,72.57477920000001,86,2020
Karine Shrum,31,172.0,70.30681735,87,2020
Caileigh McDade,31,160.02,61.23496995,88,2020
Nicole Gibson-Burke,27,160.02,56.69904625,89,2020
Hanna Venemyr,28,172.0,,90,2020
Anastasiya Ganina,35,170.0,69.0,91,2020
Laura Clifton,25,162.0,75.0,92,2020
Mia Hesketh,30,168.0,67.0,93,2020
Sona Karaskova,32,167.0,68.0,94,2020
Ariadna Argoitia,38,,54.884676770000006,95,2020
Alison Scudds,27,160.02,63.502931800000006,96,2020
Andrea Solberg,24,164.0,61.23496995,97,2020
Leah Irons,28,162.56,63.502931800000006,98,2020
Bailey Meraviglia,29,157.48,62.59574706,99,2020
Christina Seeley,30,164.0,68.0388555,100,2020
Taylor Rector,27,162.56,69.85322498000001,101,2020
Evie Hollis,23,158.0,65.77089365,102,2020
Christee Bishop,29,158.0,60.0,103,2020
Sapphire Goddard,23,165.0,65.0,104,2020
Antonelli Nicole,34,153.0,60.781377580000004,105,2020
Laurie Pfleiderer,30,157.0,63.502931800000006,106,2020
Manon Saint-Maxent,25,164.0,54.0,107,2020
Kaitlyn Kassis,25,170.18,63.502931800000006,108,2020
Faith Ferguson,19,160.02,68.0388555,109,2020
Emily Rolfe,31,170.0,68.94604024,110,2020
Marnie Sykes,27,172.0,30.84428116,111,2020
Amy Morton,32,163.0,69.85322498000001,112,2020
Jennifer Smith,34,167.64000000000001,62.142154690000005,113,2020
Kristen Turner,28,162.56,60.781377580000004,114,2020
Alizee Andreani,32,153.0,51.0,115,2020
Ashley Shaeffer,35,162.56,61.23496995,116,2020
Sanna Venäläinen,29,164.0,64.0,117,2020
Hilary Steele,30,147.32,54.4310844,118,2020
Hanna Karlsson,27,177.0,81.0,119,2020
Anna Donauer,30,165.0,62.0,120,2020
Madeline Shelling,26,165.0,69.0,121,2020
Elizabeth Bradley,24,157.48,63.502931800000006,122,2020
Mariana Fedorenko,26,168.0,60.0,123,2020
Marisa Flowers,29,147.32,49.895160700000005,124,2020
Hanne Short,32,170.0,,125,2020
Ahnna Knepper,28,160.02,60.781377580000004,126,2020
Katlin Isaacs,26,149.86,57.60623099,127,2020
Ashleigh Wosny,22,170.18,66.67807839000001,128,2020
Sarah Viets,30,177.8,74.84274105,129,2020
Tommie Deprima,33,160.02,58.9670081,130,2020
Gemma Root,34,170.18,61.23496995,131,2020
Marie-Pier Bonneau,20,163.0,58.05982336,132,2020
Antea Longo,32,160.0,60.0,133,2020
Samantha Briggs,38,170.0,61.23496995,134,2020
Ana C. Caldas,42,175.26,83.91458845000001,135,2020
Paige Powers,17,160.02,70.30681735,136,2020
Kelly Baker,28,162.56,68.0388555,137,2020
Rebecka Vitesson,26,173.0,65.0,138,2020
Cecilia Ramirez Villamil,31,163.0,68.0388555,139,2020
Luiza Dias,28,151.0,53.0,140,2020
Kelsey Kiel,29,170.18,78.47148001000001,141,2020
Carleen Mathews,36,157.48,62.142154690000005,142,2020
Kristin Miller,32,162.56,61.23496995,143,2020
Nikki Matarazzo,29,152.0,63.95652417,144,2020
Anita Pravatti,34,174.0,72.57477920000001,145,2020
Rebecca Fuselier,20,157.48,56.69904625,146,2020
Oddrún Eik Gylfadottir,31,163.0,58.05982336,147,2020
Chely Galvan,30,165.1,61.23496995,148,2020
Susana Etto,36,155.0,65.0,149,2020
Janine Shillington,37,167.64000000000001,72.57477920000001,150,2020
Tia-Clair Toomey,27,163.0,58.0,1,2021
Emma Cary,17,162.56,63.502931800000006,2,2021
Kara Saunders,31,162.0,71.66759446,3,2021
Kristi Eramo O'Connell,32,157.48,59.874192840000006,4,2021
Mallory O'Brien,17,160.02,65.77089365,5,2021
Emma McQuaid,31,165.0,64.0,6,2021
Dani Speegle,27,167.64000000000001,76.20351816,7,2021
Elena Carratala Sanahuja,27,,,8,2021
Brooke Wells,26,167.64000000000001,68.0388555,9,2021
Haley Adams,20,170.18,63.502931800000006,10,2021
Matilde Garnes,25,174.0,68.0,11,2021
Gabriela Migała,22,170.0,75.0,12,2021
Danielle Brandon,25,170.0,68.0388555,13,2021
Katrin Tanja Davidsdottir,28,169.0,68.0388555,14,2021
Emma Lawson,16,,,15,2021
Kari Pearce,32,160.02,63.04933943,16,2021
Kristin Holte,35,162.0,59.0,17,2021
Amanda Fusuma,24,153.0,56.0,18,2021
Andrea Nisler,32,167.64000000000001,69.85322498000001,19,2021
Amanda Barnhart,29,170.18,72.57477920000001,20,2021
Bethany Shadburne,27,162.56,65.31730128000001,21,2021
Chloe Gauvin-David,29,170.18,66.22448602,22,2021
Larissa Cunha,30,153.0,62.0,23,2021
Amy Morton,33,163.0,69.85322498000001,24,2021
Sasha Nievas,23,156.0,59.0,25,2021
Carolyne Prevost,31,160.02,65.77089365,26,2021
Paulina Haro,17,156.0,63.0,27,2021
Carol-Ann Reason-Thibault,33,164.0,64.41011654,28,2021
Thuridur Erla Helgadottir,29,164.0,59.0,29,2021
Kristine Best,31,160.02,62.59574706,30,2021
Madeline Shelling,27,165.0,69.0,31,2021
Karin Freyová,26,170.0,72.0,32,2021
Mekenzie Riley,33,162.56,70.30681735,33,2021
Shelby Neal,21,157.48,61.23496995,34,2021
Ellie Turner,23,167.0,,35,2021
Jacqueline Dahlstrøm,29,167.0,67.0,36,2021
Mandi Janowitz,35,165.1,68.0388555,37,2021
Sydney Michalyshen,21,168.0,69.39963261,38,2021
Paige Semenza,29,160.02,64.86370891,39,2021
Marnie Sykes,28,,,40,2021
Melina Rodriguez,25,156.0,62.59574706,41,2021
Emma Tall,29,168.0,68.0,42,2021
Sarah Massoni,28,165.0,67.0,43,2021
Kloie Wilson,23,170.18,70.30681735,44,2021
Seungyeon Choi,22,,,45,2021
Antea Longo,33,160.0,60.0,46,2021
Gabriella Moratti,21,163.0,62.0,47,2021
Madeline Sturt,24,158.0,62.0,48,2021
Hanna Karlsson,28,177.0,81.0,49,2021
Emily Rolfe,32,170.0,68.94604024,50,2021
Christee Bishop,30,158.0,60.0,51,2021
Laura Horváth,24,170.0,70.0,52,2021
Olivia Sulek,17,165.1,65.77089365,53,2021
Freya Moosbrugger,19,165.0,67.0,54,2021
Manon Angonese,28,163.0,66.0,55,2021
MaryKay Dreisilker,31,160.02,68.0388555,56,2021
Maria Längfors,25,,,57,2021
Anikha Greer,18,154.0,,58,2021
Manon Lesur,30,163.0,65.77089365,59,2021
Justine Beath,31,163.0,63.502931800000006,60,2021
Kendall Vincelette,27,157.48,57.60623099,61,2021
Feeroozeh Saghafi,26,157.48,58.9670081,62,2021
Kelly Clark,34,162.56,65.77089365,63,2021
Mikaela Norman,28,179.0,68.0,64,2021
Taylor Rector,28,162.56,69.85322498000001,65,2021
Camilla Salomonsson Hellman,30,165.0,69.0,66,2021
Mary Helen Saunders,29,162.56,64.41011654,67,2021
Paige Powers,18,160.02,68.49244787,68,2021
Yuko Sakuyama,34,152.0,56.69904625,69,2021
Kaela Stephano,20,154.94,52.61671492,70,2021
Emelie Lundberg,31,162.0,68.0,71,2021
Baylee Rayl,25,,,72,2021
Rebecka Vitesson,27,173.0,65.0,73,2021
Leigha Dean,29,161.0,62.142154690000005,74,2021
Emma Chapman,33,157.48,58.9670081,75,2021
Taylor Streid,30,167.64000000000001,63.502931800000006,76,2021
Brenda Castro,32,2.0,63.04933943,77,2021
Rachel Green,40,,,78,2021
Svetlana Kubyshkina,30,155.0,60.0,79,2021
Samantha Briggs,39,170.0,61.23496995,80,2021
Kelly Stone,30,165.1,68.0388555,81,2021
Cassidy Lance-Mcwherter,33,160.02,63.502931800000006,82,2021
Sara Alicia Fernandez Costas,31,159.0,63.0,83,2021
Laura Gonzalez-Marin,27,170.18,67.13167076,84,2021
Charlotte Spence,34,157.48,66.0,85,2021
Tayla Howe,24,165.0,75.0,86,2021
Bailey Meraviglia,30,157.48,62.59574706,87,2021
Evie Hollis,24,158.0,65.77089365,88,2021
Taylor Reber,27,,,89,2021
Adison Balderston,22,154.94,61.23496995,90,2021
Laura Clifton,26,162.0,75.0,91,2021
Janelle Shafer,27,160.02,63.502931800000006,92,2021
Ella Wunger,23,170.0,65.0,93,2021
Emilia Leppänen,34,165.0,68.0388555,94,2021
Alexis Raptis,22,165.1,62.59574706,95,2021
Nicole Gibson-Burke,28,160.02,56.69904625,96,2021
Rachel Thibodeaux,28,160.02,58.9670081,97,2021
Kaitlyn Anapolsky,30,160.02,68.0388555,98,2021
Lucy Campbell,25,168.0,74.0,99,2021
Tatiana Membré,31,157.0,63.0,100,2021
Victoria Fiamma Gomes Campos,28,161.0,60.781377580000004,101,2021
Taylor Ballek,24,165.1,63.502931800000006,102,2021
Martyna Krysiak,31,163.0,60.0,103,2021
Faith Ferguson,20,160.02,68.0388555,104,2021
Valentina Rangel,24,163.0,63.0,105,2021
Stephanie Chung,29,165.1,68.0388555,106,2021
Metty Greneron,23,,,107,2021
Lena Richter,26,163.0,62.0,108,2021
Lexi Colabianchi,27,157.48,58.9670081,109,2021
Mariska Smit,28,168.0,64.0,110,2021
Claudia Gluck,22,160.0,60.0,111,2021
Jordan Adcock,29,167.64000000000001,63.502931800000006,112,2021
Nienke van Overveld,27,160.0,62.0,113,2021
Caroline Conners,28,154.94,60.32778521,114,2021
Aimee Tawhai,29,163.0,66.0,115,2021
Brittany Marella,29,160.02,68.0388555,116,2021
Rita García,33,157.0,56.69904625,117,2021
Annie Thorisdottir,31,170.0,68.94604024,118,2021
Leah Irons,29,162.56,65.77089365,119,2021
Rebecca Voigt Miller,40,175.26,68.94604024,120,2021
Madison McElhaney,29,,72.57477920000001,121,2021
Janie Garratt,28,158.0,63.0,122,2021
Breona Wallin,30,154.94,56.69904625,123,2021
Jessica Androsik,23,,,124,2021
Jessica Coughlan,32,166.0,65.77089365,125,2021
Joey Kimdon,43,154.94,56.69904625,126,2021
Carol Colling,28,157.0,57.0,127,2021
Michelle Merand,32,158.0,60.0,128,2021
Catherine St-Gelais,27,164.0,63.502931800000006,129,2021
Zoe Ziegler,27,154.94,54.4310844,130,2021
Tia Wright,29,162.56,62.59574706,131,2021
Nikki Matarazzo,30,152.0,60.781377580000004,132,2021
Rebecca Fuselier,21,157.48,56.69904625,133,2021
Elena Budz,22,160.02,60.32778521,134,2021
Alison Scudds,28,160.02,63.502931800000006,135,2021
Brooke Haas,32,160.02,69.85322498000001,136,2021
Jayne McKay,32,172.0,67.0,137,2021
Meg Garrett,38,177.0,72.57477920000001,138,2021
Emiko Naets,31,171.0,68.0,139,2021
Helena Collins,32,171.0,69.0,140,2021
Nicole Mghenyi,31,165.1,64.41011654,141,2021
Lauren Fisher,27,165.1,61.23496995,142,2021
Maria Fernanda Robles Siller,29,153.0,54.0,143,2021
Luiza Dias,29,151.0,53.0,144,2021
Lidia Bartoszewicz,28,168.0,63.0,145,2021
Alessandra Pichelli,35,167.64000000000001,70.30681735,146,2021
Sona Karaskova,33,167.0,68.0,147,2021
Corrin Lemieux,38,165.1,66.67807839000001,148,2021
Carly Lucas,24,160.02,61.23496995,149,2021
Laurie Pfleiderer,31,157.0,63.502931800000006,150,2021
Mallory O'Brien,18,160.02,61.23496995,1,2022
Tia-Clair Toomey,28,163.0,58.0,2,2022
Haley Adams,21,170.18,63.502931800000006,3,2022
Laurie Clément,35,159.0,60.0,4,2022
Brooke Wells,27,167.64000000000001,68.0388555,5,2022
Emma McQuaid,32,165.0,65.0,6,2022
Alexis Raptis,23,165.1,62.59574706,7,2022
Ellie Turner,24,167.0,,8,2022
Andrea Solberg,26,164.0,61.23496995,9,2022
Jamie Simmonds,31,163.0,61.23496995,10,2022
Matilde Garnes,26,174.0,68.0,11,2022
Kristi Eramo O'Connell,33,157.48,59.874192840000006,12,2022
Gabriela Migała,23,170.0,75.0,13,2022
Dani Speegle,28,167.64000000000001,76.20351816,14,2022
Addison DesRosiers,29,162.56,66.67807839000001,15,2022
Anikha Greer,19,154.0,,16,2022
Arielle Loewen,28,160.02,63.502931800000006,17,2022
Kristine Best,32,160.02,62.59574706,18,2022
Annie Thorisdottir,32,170.0,68.94604024,19,2022
Seher Kaya,24,,,20,2022
Amanda Barnhart,30,170.18,72.57477920000001,21,2022
Leah Støren,18,159.0,53.0,22,2022
Giulia Roggio,42,163.0,58.0,23,2022
Katelin Van Zyl,30,171.0,68.0,24,2022
Chloe Gauvin-David,30,170.18,66.22448602,25,2022
Grace Strachan,21,154.94,61.23496995,26,2022
Sara Alicia Fernandez Costas,32,159.0,63.0,27,2022
Emma Tall,30,168.0,68.0,28,2022
Valentina Magalotti,32,156.0,60.0,29,2022
Brittany Weiss,27,170.18,62.59574706,30,2022
Andrea Nisler,33,167.64000000000001,69.85322498000001,31,2022
Aimee Cringle,23,167.0,66.0,32,2022
Kristin Holte,36,162.0,59.0,33,2022
Carolyne Prevost,32,160.02,65.77089365,34,2022
Maria Längfors,26,165.0,69.0,35,2022
Emelie Lundberg,32,162.0,68.0,36,2022
Faith Ferguson,21,160.02,68.0388555,37,2022
Lucy Campbell,26,168.0,74.0,38,2022
Svetlana Veselova,34,161.0,63.0,39,2022
Julia Blazejowska,21,160.0,62.0,40,2022
Emily Rolfe,33,170.0,68.94604024,41,2022
Karin Freyová,27,170.0,72.0,42,2022
Kara Saunders,32,162.0,71.66759446,43,2022
Marisa Flowers,31,147.32,48.98797596,44,2022
Elena Carratala Sanahuja,28,,,45,2022
Thuridur Erla Helgadottir,30,164.0,59.0,46,2022
Nicole Gibson-Burke,29,160.02,56.69904625,47,2022
Ragnheiður Sara Sigmundsdottir,29,173.0,69.0,48,2022
Sydney Michalyshen,22,168.0,69.39963261,49,2022
Feeroozeh Saghafi,27,157.48,61.23496995,50,2022
Caroline Conners,29,154.94,60.32778521,51,2022
Shelby Neal,22,157.48,63.502931800000006,52,2022
Jenn Ryan,42,157.48,58.513415730000006,53,2022
Mirjam von Rohr,20,,,54,2022
Baylee Rayl,26,,,55,2022
Danielle Brandon,26,170.0,68.0388555,56,2022
Silvia Garcia Izquierdo,28,165.0,61.0,57,2022
Paige Semenza,30,160.02,64.86370891,58,2022
Hanna Karlsson,29,177.0,81.0,59,2022
Rebecca Fuselier,22,157.48,56.69904625,60,2022
Melina Rodriguez,26,156.0,62.59574706,61,2022
Valentina Rangel,25,163.0,63.0,62,2022
Lena Richter,27,163.0,66.0,63,2022
Victoria Campos,29,161.0,60.781377580000004,64,2022
Karisa Stapp,25,170.18,72.57477920000001,65,2022
Caileigh McDade,33,160.02,61.23496995,66,2022
Brooke Haas,33,160.02,69.85322498000001,67,2022
Lindsey Lane,26,,,68,2022
Olivia Kerstetter,16,165.1,,69,2022
Kelly Baker,30,162.56,68.0388555,70,2022
Madeline Helms,25,160.02,61.23496995,71,2022
Ashleigh Wosny,24,170.18,66.67807839000001,72,2022
Ralitza Koterlitzova,33,160.02,63.502931800000006,73,2022
Georgia Davenport,25,171.0,70.0,74,2022
Helena Collins,33,171.0,69.0,75,2022
Sydney Wells,27,167.64000000000001,,76,2022
Ahnna Knepper,30,160.02,60.781377580000004,77,2022
Christee Bishop,31,158.0,60.0,78,2022
Ella Wilkinson,22,,,79,2022
Jessica Androsik,24,,,80,2022
Bianca Savarese,28,152.4,48.08079122,81,2022
Lee Keyrouz,34,,,82,2022
Hannah Hardy,25,162.56,70.30681735,83,2022
Zoe Warren,23,154.94,54.4310844,84,2022
Amy Morton,34,163.0,69.85322498000001,85,2022
Trista Smith,16,154.94,,86,2022
Jacqueline Dahlstrøm,30,167.0,67.0,87,2022
Tracy Johnson,23,162.56,61.23496995,88,2022
Sasha Nievas,24,156.0,61.0,89,2022
Samantha Briggs,40,170.0,61.23496995,90,2022
Mariska Smit,29,168.0,64.0,91,2022
Hope Cicero,39,154.94,61.23496995,92,2022
Carolina Serravalle,36,,,93,2022
Freya Moosbrugger,20,165.0,68.0,94,2022
Lilly Rodriguez,19,147.32,58.05982336,95,2022
Sapphire Goddard,25,165.0,66.0,96,2022
Ella Wunger,24,170.0,65.0,97,2022
Devyn Kim,20,165.1,63.502931800000006,98,2022
Zoe Jones,25,172.72,70.30681735,99,2022
Callista Lang,21,162.56,61.23496995,100,2022
Adison Balderston,23,154.94,61.23496995,101,2022
Emma Lawson,17,,,102,2022
Laura Horvath,25,170.0,70.0,103,2022
Madeleine Harris,29,165.1,64.0,104,2022
Taylor Streid,31,165.1,63.502931800000006,105,2022
Ellie Tarence Hiller,24,154.94,60.32778521,106,2022
Bethany Shadburne,28,162.56,65.31730128000001,107,2022
Kacey Wells,26,152.4,60.32778521,108,2022
Nicole Heer,30,167.0,63.0,109,2022
Mary Helen Saunders,30,162.56,64.41011654,110,2022
Madeline Sturt,25,158.0,63.0,111,2022
Nienke van Overveld,28,160.0,64.0,112,2022
Tayla Howe,25,165.0,75.0,113,2022
CeCe Pieper,30,,,114,2022
Jennifer Brasseur,30,158.0,58.0,115,2022
Carleen Mathews,38,157.48,62.142154690000005,116,2022
Oihana Moya,26,165.0,62.0,117,2022
Ashleigh Corby,32,,,118,2022
Elisa Fuliano,26,,,119,2022
Martyna Krysiak,32,163.0,60.0,120,2022
Becca Merritt,25,152.4,63.502931800000006,121,2022
Laura Gonzalez-Marin,28,170.18,67.13167076,122,2022
Breona Wallin,31,154.94,56.69904625,123,2022
Metty Greneron,24,,,124,2022
Danielle Oliveri,28,157.48,65.77089365,125,2022
Sheena Hammer,38,154.94,53.523899660000005,126,2022
Katrina DiGiacomo,24,154.94,60.32778521,127,2022
Amanda Lindeberg Mathiasen,32,166.0,59.874192840000006,128,2022
Alexis Johnson,31,157.48,63.502931800000006,129,2022
Jessica Coughlan,33,166.0,65.77089365,130,2022
Sarah Hobbs,29,165.1,61.23496995,131,2022
Cody Veteto,29,,,132,2022
Julia Kato,22,159.0,,133,2022
Madie Edwards,28,167.64000000000001,70.30681735,134,2022
Maria Camila Quintero,26,155.0,58.0,135,2022
Lindsey Kirschman,34,,,136,2022
Chiara Salandra,25,165.0,61.0,137,2022
Katrin Tanja Davidsdottir,29,169.0,68.0388555,138,2022
Alaina Savage,29,,,139,2022
Emma Ferreira,27,172.72,77.1107029,140,2022
Inga Loftesnes,22,,,141,2022
Caroline Stanley,22,,,142,2022
Emilia Leppänen,35,165.0,68.0388555,143,2022
Hayley Hunter,26,160.02,56.69904625,144,2022
Lauren Lovick,30,156.0,57.0,145,2022
Amanda Fusuma,25,153.0,55.0,146,2022
Kelcy Ware,33,162.56,65.77089365,147,2022
Vaar Thurmann-Moe,23,168.0,70.0,148,2022
Sarah Harrison,27,,,149,2022
Rebecka Vitesson,28,173.0,65.0,150,2022
Mallory O'Brien,19,160.02,61.23496995,1,2023
Paige Powers,20,162.56,70.30681735,2,2023
Emma Lawson,18,165.1,63.502931800000006,3,2023
Arielle Loewen,29,160.02,68.0388555,4,2023
Alex Gazan,21,167.64000000000001,68.0388555,5,2023
Brooke Wells,28,167.64000000000001,68.0388555,6,2023
Elena Carratala Sanahuja,29,164.0,63.0,7,2023
Amanda Barnhart,31,170.18,72.57477920000001,8,2023
Ellie Turner,25,167.0,72.0,9,2023
Zoe Warren,24,154.94,63.502931800000006,10,2023
Kelly Baker,31,162.56,68.0388555,11,2023
Elisa Fuliano,27,157.0,60.0,12,2023
Abigail Domit,25,170.18,66.67807839000001,13,2023
Gabriela Migała,24,170.0,75.0,14,2023
Manon Angonese,30,163.0,69.0,15,2023
Caroline Spencer,30,154.94,60.32778521,16,2023
Andrea Nisler,34,167.64000000000001,69.85322498000001,17,2023
Emma McQuaid,33,165.0,67.0,18,2023
Oihana Moya,27,165.0,68.0,19,2023
Sydney Michalyshen,23,168.0,70.30681735,20,2023
Sasha Nievas,25,156.0,61.0,21,2023
Claudia Gluck,24,160.0,60.0,22,2023
Danielle Brandon,27,170.0,68.0388555,23,2023
Laura Clifton,28,162.0,75.0,24,2023
Katelin Van Zyl,31,171.0,68.0,25,2023
Jacqueline Dahlstrøm,31,167.0,67.0,26,2023
Solveig Sigurdardottir,28,170.0,70.0,27,2023
Ella Wunger,25,170.0,70.0,28,2023
Erica Folo,22,157.48,59.874192840000006,29,2023
Emma Cary,19,162.56,63.502931800000006,30,2023
Hattie Kanyo,31,162.56,65.77089365,31,2023
Kyra Milligan,26,157.48,63.502931800000006,32,2023
Carolyne Prevost,33,160.02,65.77089365,33,2023
Sara Alicia Fernandez Costas,33,159.0,63.0,34,2023
Christee Bishop,32,158.0,60.0,35,2023
Jessica Androsik,25,,,36,2023
Chloe Gauvin-David,31,170.18,66.22448602,37,2023
Roran Scott,27,154.94,62.59574706,38,2023
Shelby Neal,23,157.48,68.0388555,39,2023
Lauren Fisher,29,165.1,63.502931800000006,40,2023
Jennifer Brasseur,31,158.0,58.0,41,2023
Jordan Szewc,20,170.18,70.30681735,42,2023
Emma Tall,31,168.0,68.0,43,2023
Winter Nicolette Rodriguez,28,165.1,70.30681735,44,2023
Emily de Rooy,22,173.0,75.0,45,2023
Christine Kolenbrander,31,167.64000000000001,69.85322498000001,46,2023
Luiza Marques,21,153.0,60.0,47,2023
Shaylin Laure,30,165.1,68.0388555,48,2023
Dawon Jung,28,170.0,65.0,49,2023
Aimee Cringle,24,167.0,67.0,50,2023
Emelie Lundberg,33,162.0,62.0,51,2023
Victoria Campos,30,161.0,63.502931800000006,52,2023
Lee Keyrouz,35,158.0,66.0,53,2023
Annie Thorisdottir,33,170.0,68.94604024,54,2023
Jessica Coughlan,34,166.0,65.77089365,55,2023
Freya Moosbrugger,21,165.0,69.85322498000001,56,2023
Jamie Simmonds,32,163.0,61.23496995,57,2023
Baylee Rayl,27,170.18,61.23496995,58,2023
Linda Keesman,29,174.0,73.0,59,2023
Helena Collins,34,171.0,69.0,60,2023
Kelly Stone,32,165.1,68.0388555,61,2023
Makenna Enslin,25,167.64000000000001,72.57477920000001,62,2023
Feeroozeh Saghafi,28,154.94,60.32778521,63,2023
Thuridur Erla Helgadottir,31,164.0,59.0,64,2023
Kristine Best,33,160.02,62.59574706,65,2023
CeCe Pieper,31,,,66,2023
Tayla Howe,26,165.0,75.0,67,2023
Mirka Henriksson,30,165.0,61.0,68,2023
Paige Semenza,31,160.02,66.67807839000001,69,2023
Grace Walton,22,164.0,70.0,70,2023
MaryKay Dreisilker,33,160.02,68.0388555,71,2023
Emily Rolfe,34,170.0,68.94604024,72,2023
Sanna Venäläinen,32,164.0,64.0,73,2023
Gemma Hauck,24,167.0,74.0,74,2023
Alexis Raptis,24,165.1,70.30681735,75,2023
Christina Livaditakis,26,153.0,63.0,76,2023
Rebecca Fuselier,23,157.48,57.60623099,77,2023
Anikha Greer,20,154.0,,78,2023
Jessica Smith,27,170.18,67.13167076,79,2023
Valentina Rangel,26,163.0,65.0,80,2023
Erika Palasty,29,,,81,2023
Olivia Kerstetter,17,165.1,72.57477920000001,82,2023
Seher Kaya,25,161.0,64.0,83,2023
Lucy McGonigle,16,160.02,60.0,84,2023
Karin Freyová,28,170.0,72.0,85,2023
Mariska Smit,30,168.0,64.0,86,2023
Rebecka Vitesson,29,173.0,65.0,87,2023
Katharina Isele,28,164.0,74.0,88,2023
Janelle Stites,29,160.02,63.502931800000006,89,2023
Amy Morton,35,163.0,69.85322498000001,90,2023
Metty Greneron,25,160.0,65.0,91,2023
Elizabeth Wishart,27,170.18,63.502931800000006,92,2023
Nicolette Torreggiani,26,162.56,63.502931800000006,93,2023
Meredith Swindle,31,172.72,70.30681735,94,2023
Katrin Tanja Davidsdottir,30,169.0,68.94604024,95,2023
Maribel Gallardo,25,166.0,69.0,96,2023
Madeline Sturt,26,159.0,63.0,97,2023
Rachel Fricker,25,154.94,64.41011654,98,2023
Mirakim Couvrette,32,160.02,64.41011654,99,2023
Chiara Salandra,26,167.0,63.0,100,2023
Caroline Ferreira,26,157.0,63.0,101,2023
Matilde Garnes,27,174.0,70.0,102,2023
Karis Demi,21,162.56,63.502931800000006,103,2023
Alison Scudds,30,160.02,63.502931800000006,104,2023
Astrid Tind Petersen,28,179.0,75.0,105,2023
Lucy Pacheco,28,156.0,60.0,106,2023
Alice Mille,29,174.0,69.0,107,2023
Carmen Perez Ruiz,38,164.0,65.0,108,2023
Lexi Neely,20,157.48,63.502931800000006,109,2023
Ann-Sophie Taschereau,21,,61.23496995,110,2023
Faith Ferguson,22,160.02,68.0388555,111,2023
Samantha Pugh,30,165.1,68.49244787,112,2023
Emily Rethwill,30,165.1,61.68856232,113,2023
Savannah Averitt,30,,,114,2023
Danielle Oliveri,29,157.48,65.77089365,115,2023
Tori Dyson,28,152.4,63.502931800000006,116,2023
Martyna Krysiak,33,165.0,67.0,117,2023
Devyn Kim,21,165.1,63.502931800000006,118,2023
Alexis Johnson,32,157.48,63.502931800000006,119,2023
Emily Beroth,26,162.56,68.0388555,120,2023
Catherine St-Gelais,29,164.0,63.502931800000006,121,2023
Dani Speegle,29,167.64000000000001,77.1107029,122,2023
Ali Thomason,29,175.26,70.30681735,123,2023
Nienke van Overveld,29,160.0,64.0,124,2023
Nicole Hunt,27,152.4,58.9670081,125,2023
Ashley Shoemaker,31,175.26,71.21400209000001,126,2023
Aurora Vellante,29,157.48,64.41011654,127,2023
Svetlana Veselova,35,161.0,63.0,128,2023
Jordan Malm,26,,,129,2023
Marta Ricottini,28,174.0,66.0,130,2023
Marie Robin,26,176.0,70.0,131,2023
Nicole Gibson-Burke,30,160.02,56.69904625,132,2023
Trista Smith,17,154.94,61.23496995,133,2023
Stephanie Grange,32,167.64000000000001,65.77089365,134,2023
Lauren Stallwood,28,169.0,67.0,135,2023
Cody Veteto,30,12.7,0.90718474,136,2023
Christina Agerbeck,32,161.0,60.0,137,2023
Sydney Wells,28,167.64000000000001,68.49244787,138,2023
Lindsey Porter,23,172.72,68.0388555,139,2023
Brooke Haas,34,160.02,69.85322498000001,140,2023
Helen Nutter,30,164.0,73.0,141,2023
Madeleine Harris,30,165.1,66.0,142,2023
Alexia Williams,24,169.0,70.0,143,2023
Maria Längfors,27,165.0,69.0,144,2023
Aoife Burke,32,165.0,71.0,145,2023
Silvia Garcia Izquierdo,29,165.0,63.0,146,2023
Lena Richter,28,163.0,66.0,147,2023
Bailey Bentley,25,160.02,68.0388555,148,2023
Carol Colling,30,157.0,58.0,149,2023
Kelsey Williams,32,170.18,72.57477920000001,150,2023
Mirjam von Rohr,22,,,1,2024
Grace Walton,23,164.0,70.0,2,2024
Anikha Greer,21,154.0,,3,2024
Arielle Loewen,30,160.02,68.0388555,4,2024
Carolyne Prevost,34,160.02,65.77089365,5,2024
Christina Agerbeck,33,161.0,60.0,6,2024
Julia Blazejowska,23,160.0,62.0,7,2024
Seher Kaya,26,161.0,64.0,8,2024
Katrina DiGiacomo,26,154.94,56.69904625,9,2024
Kara Saunders,34,162.0,73.48196394,10,2024
Aimee Cringle,25,167.0,,11,2024
Danielle Brandon,28,170.0,68.0388555,12,2024
Katelin Van Zyl,32,171.0,68.0,13,2024
Elena Budz,25,160.02,63.502931800000006,14,2024
Jennifer Muir,24,170.0,70.0,15,2024
Andrea Solberg,28,164.0,61.23496995,16,2024
Emma McQuaid,34,165.0,67.0,17,2024
Feeroozeh Saghafi,29,154.94,60.32778521,18,2024
Christee Bishop,33,158.0,60.0,19,2024
Jamie Simmonds,33,163.0,61.23496995,20,2024
Matilde Garnes,28,174.0,70.0,21,2024
Kyra Milligan,27,157.48,64.86370891,22,2024
Rebecca Fuselier,24,157.48,57.60623099,23,2024
Elena Carratala Sanahuja,30,164.0,63.0,24,2024
Freya Moosbrugger,22,165.0,69.85322498000001,25,2024
Ellie Hiller,26,154.94,58.9670081,26,2024
Erica Folo,23,157.48,59.874192840000006,27,2024
Emily Rethwill,31,165.1,61.68856232,28,2024
Laura Clifton,29,162.0,75.0,29,2024
Ragnheiður Sara Sigmundsdottir,31,173.0,69.0,30,2024
Ella Wilkinson,24,164.0,64.0,31,2024
Julia Hannaford,23,,,32,2024
Shelby Neal,24,157.48,68.0388555,33,2024
Maria Längfors,28,165.0,69.0,34,2024
Madeline Sturt,27,159.0,65.0,35,2024
Elisa Fuliano,28,157.0,61.0,36,2024
Emma Armstrong,30,,,37,2024
Erica Ekelund,27,163.0,65.0,38,2024
Valentina Magalotti,34,157.0,62.0,39,2024
Stine Moen Nilsen,31,164.0,68.0,40,2024
Madeleine Persson,32,164.0,69.0,41,2024
Dani Speegle,30,167.64000000000001,77.1107029,42,2024
Gabriela Migała,25,170.0,75.0,43,2024
Kristine Best,34,160.02,62.59574706,44,2024
Alex Gazan,22,167.64000000000001,68.0388555,45,2024
Emma Lawson,19,165.1,63.502931800000006,46,2024
Chloe Gauvin-David,32,170.18,66.22448602,47,2024
Simone Arthur,30,159.0,59.0,48,2024
Alazne Egiazabal,30,,,49,2024
Alaina Savage,31,165.1,68.0388555,50,2024
Zoe Warren,25,154.94,63.502931800000006,51,2024
Brodie Preston,28,,,52,2024
Nicole Heer,32,167.0,63.0,53,2024
Elia Navarro,42,160.0,60.0,54,2024
Emelie Lundberg,34,162.0,64.0,55,2024
Manon Angonese,31,163.0,70.0,56,2024
Jacqueline Dahlstrøm,32,167.0,67.0,57,2024
Maribel Gallardo,26,166.0,70.0,58,2024
Abigail Domit,26,170.18,66.67807839000001,59,2024
Marnie Sykes,31,172.0,30.84428116,60,2024
Carmen Perez Ruiz,39,164.0,65.0,61,2024
Laura Horvath,27,170.0,70.0,62,2024
Freja Duelund Gravsen,26,,,63,2024
Emma Tall,32,168.0,68.0,64,2024
Paige Semenza,32,160.02,66.67807839000001,65,2024
Paige Powers,21,162.56,70.30681735,66,2024
Andra Moistus,28,165.0,59.0,67,2024
Stacy Lerum,30,167.64000000000001,68.0388555,68,2024
Kristin Holte,38,162.0,59.0,69,2024
Seungyeon Choi,25,168.0,70.30681735,70,2024
Marika Seppälä,28,,,71,2024
Giulia Roggio,44,163.0,58.0,72,2024
Aline Wirz,30,,,73,2024
Helena Collins,35,171.0,69.0,74,2024
Dawon Jung,29,170.0,65.0,75,2024
Addison DesRosiers,31,162.56,65.31730128000001,76,2024
Sara Alicia Fernandez Costas,34,159.0,63.0,77,2024
Pernille Amalie Kristensen,28,168.0,67.0,78,2024
Madeline Shelling,30,165.0,70.0,79,2024
Baylee Rayl Christophel,28,170.18,61.23496995,80,2024
Camilla Salomonsson Hellman,33,165.0,69.0,81,2024
Amy Morton,36,163.0,69.39963261,82,2024
Brittany Weiss,29,170.18,62.59574706,83,2024
Emilia Leppänen,37,165.0,68.0388555,84,2024
Makenna Enslin,26,167.64000000000001,72.57477920000001,85,2024
Mirka Henriksson,31,165.0,63.0,86,2024
Breona Wallin,33,154.94,56.69904625,87,2024
Caroline Stanley,24,160.02,65.77089365,88,2024
Caitlin Bernardin,31,,,89,2024
Karin Freyová,29,170.0,72.0,90,2024
Maggie Boyich,34,152.4,58.9670081,91,2024
Sapphire Goddard,27,165.0,65.0,92,2024
Callista Lang,23,162.56,62.59574706,93,2024
Aizhan Zharasova,30,156.0,60.0,94,2024
Kay Wirkner,29,,,95,2024
Amanda Lindeberg Mathiasen,34,166.0,64.0,96,2024
Chiara Salandra,27,167.0,63.0,97,2024
Linda Keesman,30,174.0,73.0,98,2024
Emily Rolfe,34,170.0,68.94604024,99,2024
Tracy Johnson,25,162.56,61.23496995,100,2024
Juli Chapi,35,163.0,64.0,101,2024
Inga Loftesnes,24,,,102,2024
Lexi Neely,21,157.48,63.502931800000006,103,2024
Oda Lundekvam,23,174.0,70.0,104,2024
Thuridur Erla Helgadottir,32,164.0,59.0,105,2024
Natalie Niska,34,,70.0,106,2024
Grace Strachan,23,154.94,61.23496995,107,2024
Holly Tynan,23,,65.0,108,2024
Alexis Raptis,25,165.1,70.30681735,109,2024
Hayley Adams,23,,,110,2024
Poppy Hay,26,163.0,71.0,111,2024
Maria Camila Quintero,28,155.0,58.0,112,2024
Georgia Davenport,27,171.0,70.0,113,2024
Rachel Fricker,26,154.94,68.0388555,114,2024
Katelynn Sanders,31,170.18,74.84274105,115,2024
Lauren Stallwood,29,169.0,67.0,116,2024
Montebello Hinatea,26,167.0,65.0,117,2024
Franziska Höger,30,170.0,70.0,118,2024
Lindsey Lane,28,157.48,61.23496995,119,2024
Ylva Stalnacke,31,176.0,73.0,120,2024
Jamie Latimer,40,162.56,61.23496995,121,2024
Briony Challis,24,,63.0,122,2024
Martina Borrini,26,158.0,58.0,123,2024
Mary Helen Saunders,32,162.56,64.41011654,124,2024
Helen Nutter,31,164.0,73.0,125,2024
Haley Adams,23,170.18,63.502931800000006,126,2024
Sydney Michalyshen,24,168.0,70.30681735,127,2024
Jasmine Ghilardi,26,160.0,59.0,128,2024
Silvia Garcia Izquierdo,30,165.0,63.0,129,2024
Emily de Rooy,23,174.0,75.0,130,2024
Shaylin Laure,31,165.1,68.0388555,131,2024
Bethany Flores,30,162.56,65.31730128000001,132,2024
Alicia Tetley,28,163.0,,133,2024
Dana Paran,28,162.56,70.30681735,134,2024
Gillian Voltz,22,,,135,2024
Danielle Ford,28,172.0,70.0,136,2024
Rachel Clousing,31,165.1,65.77089365,137,2024
Siria Meha,25,170.0,66.0,138,2024
Carla Cornejo Plascencia,24,,,139,2024
Marina Crismariu,28,,,140,2024
Brittany Bolella,35,157.48,63.502931800000006,141,2024
Alex DeGarmo,31,160.02,60.781377580000004,142,2024
Tammy Gyorkos,35,162.56,58.9670081,143,2024
Adrienne Geary,26,169.0,77.0,144,2024
Kendall Gilmore,17,160.02,56.69904625,145,2024
Sydney Wells,29,167.64000000000001,68.49244787,146,2024
Brittany Chestnut,32,,,147,2024
Lizette Herrera,27,,54.4310844,148,2024
Julia Holm,35,165.1,70.30681735,149,2024
Audrey-Ann Perry-Dupuis,24,160.0,,150,2024
